Slug,:draft,Logotype,Division,LockUp,Color,Optical-Size,®-Symbol,Image,Image:alt,SVG,PDF,PNG,JPEG
kh-ai-l-c,false,KH,A+I,C,,L,true,https://raw.githubusercontent.com/ALXRITR/Korte-Hoffmann/main/Logo/KH Architekten + Ingenieure/Architekten+Ingenieure_L_Center (KH)_White.svg,"KORTE HOFFMANN A+I Logo, Größe L, Zentriert, KH",https://raw.githubusercontent.com/ALXRITR/Korte-Hoffmann/main/Logo/KH Architekten + Ingenieure/Architekten+Ingenieure_L_Center (KH)_White.svg,https://raw.githubusercontent.com/ALXRITR/Korte-Hoffmann/main/Logo/KH Architekten + Ingenieure/Architekten+Ingenieure_L_Center (KH)_White.pdf,https://raw.githubusercontent.com/ALXRITR/Korte-Hoffmann/main/Logo/KH Architekten + Ingenieure/Architekten+Ingenieure_L_Center (KH)_White.png,https://raw.githubusercontent.com/ALXRITR/Korte-Hoffmann/main/Logo/KH Architekten + Ingenieure/Architekten+Ingenieure_L_Center (KH)_Color (Dark).jpg
kh-ai-l-c-no-r,false,KH,A+I,C,,L,false,https://raw.githubusercontent.com/ALXRITR/Korte-Hoffmann/main/Logo/KH Architekten + Ingenieure/Architekten+Ingenieure_L_Center (KH)_White_No-(R).svg,"KORTE HOFFMANN A+I Logo, Größe L, Zentriert, KH, ohne ®-Symbol",https://raw.githubusercontent.com/ALXRITR/Korte-Hoffmann/main/Logo/KH Architekten + Ingenieure/Architekten+Ingenieure_L_Center (KH)_White_No-(R).svg,https://raw.githubusercontent.com/ALXRITR/Korte-Hoffmann/main/Logo/KH Architekten + Ingenieure/Architekten+Ingenieure_L_Center (KH)_White_No-(R).pdf,https://raw.githubusercontent.com/ALXRITR/Korte-Hoffmann/main/Logo/KH Architekten + Ingenieure/Architekten+Ingenieure_L_Center (KH)_White_No-(R).png,https://raw.githubusercontent.com/ALXRITR/Korte-Hoffmann/main/Logo/KH Architekten + Ingenieure/Architekten+Ingenieure_L_Center (KH)_Black_No-(R).jpg
kh-ai-m-c,false,KH,A+I,C,,M,true,https://raw.githubusercontent.com/ALXRITR/Korte-Hoffmann/main/Logo/KH Architekten + Ingenieure/Architekten+Ingenieure_M_Center (KH)_White.svg,"KORTE HOFFMANN A+I Logo, Größe M, Zentriert, KH",https://raw.githubusercontent.com/ALXRITR/Korte-Hoffmann/main/Logo/KH Architekten + Ingenieure/Architekten+Ingenieure_M_Center (KH)_White.svg,https://raw.githubusercontent.com/ALXRITR/Korte-Hoffmann/main/Logo/KH Architekten + Ingenieure/Architekten+Ingenieure_M_Center (KH)_White.pdf,https://raw.githubusercontent.com/ALXRITR/Korte-Hoffmann/main/Logo/KH Architekten + Ingenieure/Architekten+Ingenieure_M_Center (KH)_White.png,https://raw.githubusercontent.com/ALXRITR/Korte-Hoffmann/main/Logo/KH Architekten + Ingenieure/Architekten+Ingenieure_M_Center (KH)_Color (Dark).jpg
kh-ai-m-c-no-r,false,KH,A+I,C,,M,false,https://raw.githubusercontent.com/ALXRITR/Korte-Hoffmann/main/Logo/KH Architekten + Ingenieure/Architekten+Ingenieure_M_Center (KH)_White_No-(R).svg,"KORTE HOFFMANN A+I Logo, Größe M, Zentriert, KH, ohne ®-Symbol",https://raw.githubusercontent.com/ALXRITR/Korte-Hoffmann/main/Logo/KH Architekten + Ingenieure/Architekten+Ingenieure_M_Center (KH)_White_No-(R).svg,https://raw.githubusercontent.com/ALXRITR/Korte-Hoffmann/main/Logo/KH Architekten + Ingenieure/Architekten+Ingenieure_M_Center (KH)_White_No-(R).pdf,https://raw.githubusercontent.com/ALXRITR/Korte-Hoffmann/main/Logo/KH Architekten + Ingenieure/Architekten+Ingenieure_M_Center (KH)_White_No-(R).png,https://raw.githubusercontent.com/ALXRITR/Korte-Hoffmann/main/Logo/KH Architekten + Ingenieure/Architekten+Ingenieure_M_Center (KH)_Black_No-(R).jpg
kh-ai-s-c,false,KH,A+I,C,,S,true,https://raw.githubusercontent.com/ALXRITR/Korte-Hoffmann/main/Logo/KH Architekten + Ingenieure/Architekten+Ingenieure_S_Center (KH)_White.svg,"KORTE HOFFMANN A+I Logo, Größe S, Zentriert, KH",https://raw.githubusercontent.com/ALXRITR/Korte-Hoffmann/main/Logo/KH Architekten + Ingenieure/Architekten+Ingenieure_S_Center (KH)_White.svg,https://raw.githubusercontent.com/ALXRITR/Korte-Hoffmann/main/Logo/KH Architekten + Ingenieure/Architekten+Ingenieure_S_Center (KH)_White.pdf,https://raw.githubusercontent.com/ALXRITR/Korte-Hoffmann/main/Logo/KH Architekten + Ingenieure/Architekten+Ingenieure_S_Center (KH)_White.png,https://raw.githubusercontent.com/ALXRITR/Korte-Hoffmann/main/Logo/KH Architekten + Ingenieure/Architekten+Ingenieure_S_Center (KH)_Color (Dark).jpg
kh-ai-s-c-no-r,false,KH,A+I,C,,S,false,https://raw.githubusercontent.com/ALXRITR/Korte-Hoffmann/main/Logo/KH Architekten + Ingenieure/Architekten+Ingenieure_S_Center (KH)_White_No-(R).svg,"KORTE HOFFMANN A+I Logo, Größe S, Zentriert, KH, ohne ®-Symbol",https://raw.githubusercontent.com/ALXRITR/Korte-Hoffmann/main/Logo/KH Architekten + Ingenieure/Architekten+Ingenieure_S_Center (KH)_White_No-(R).svg,https://raw.githubusercontent.com/ALXRITR/Korte-Hoffmann/main/Logo/KH Architekten + Ingenieure/Architekten+Ingenieure_S_Center (KH)_White_No-(R).pdf,https://raw.githubusercontent.com/ALXRITR/Korte-Hoffmann/main/Logo/KH Architekten + Ingenieure/Architekten+Ingenieure_S_Center (KH)_White_No-(R).png,https://raw.githubusercontent.com/ALXRITR/Korte-Hoffmann/main/Logo/KH Architekten + Ingenieure/Architekten+Ingenieure_S_Center (KH)_Black_No-(R).jpg
kh-g-l-c,false,KH,G,C,,L,true,https://raw.githubusercontent.com/ALXRITR/Korte-Hoffmann/main/Logo/KH Gebäudedruck/Gebäudedruck_L_Center (KH)_White.svg,"KORTE HOFFMANN G Logo, Größe L, Zentriert, KH",https://raw.githubusercontent.com/ALXRITR/Korte-Hoffmann/main/Logo/KH Gebäudedruck/Gebäudedruck_L_Center (KH)_White.svg,https://raw.githubusercontent.com/ALXRITR/Korte-Hoffmann/main/Logo/KH Gebäudedruck/Gebäudedruck_L_Center (KH)_White.pdf,https://raw.githubusercontent.com/ALXRITR/Korte-Hoffmann/main/Logo/KH Gebäudedruck/Gebäudedruck_L_Center (KH)_White.png,https://raw.githubusercontent.com/ALXRITR/Korte-Hoffmann/main/Logo/KH Gebäudedruck/Gebäudedruck_L_Center (KH)_Color (Dark).jpg
kh-g-l-c-no-r,false,KH,G,C,,L,false,https://raw.githubusercontent.com/ALXRITR/Korte-Hoffmann/main/Logo/KH Gebäudedruck/Gebäudedruck_L_Center (KH)_White_No-(R).svg,"KORTE HOFFMANN G Logo, Größe L, Zentriert, KH, ohne ®-Symbol",https://raw.githubusercontent.com/ALXRITR/Korte-Hoffmann/main/Logo/KH Gebäudedruck/Gebäudedruck_L_Center (KH)_White_No-(R).svg,https://raw.githubusercontent.com/ALXRITR/Korte-Hoffmann/main/Logo/KH Gebäudedruck/Gebäudedruck_L_Center (KH)_White_No-(R).pdf,https://raw.githubusercontent.com/ALXRITR/Korte-Hoffmann/main/Logo/KH Gebäudedruck/Gebäudedruck_L_Center (KH)_White_No-(R).png,https://raw.githubusercontent.com/ALXRITR/Korte-Hoffmann/main/Logo/KH Gebäudedruck/Gebäudedruck_L_Center (KH)_Black_No-(R).jpg
kh-g-m-c,false,KH,G,C,,M,true,https://raw.githubusercontent.com/ALXRITR/Korte-Hoffmann/main/Logo/KH Gebäudedruck/Gebäudedruck_M_Center (KH)_White.svg,"KORTE HOFFMANN G Logo, Größe M, Zentriert, KH",https://raw.githubusercontent.com/ALXRITR/Korte-Hoffmann/main/Logo/KH Gebäudedruck/Gebäudedruck_M_Center (KH)_White.svg,https://raw.githubusercontent.com/ALXRITR/Korte-Hoffmann/main/Logo/KH Gebäudedruck/Gebäudedruck_M_Center (KH)_White.pdf,https://raw.githubusercontent.com/ALXRITR/Korte-Hoffmann/main/Logo/KH Gebäudedruck/Gebäudedruck_M_Center (KH)_White.png,https://raw.githubusercontent.com/ALXRITR/Korte-Hoffmann/main/Logo/KH Gebäudedruck/Gebäudedruck_M_Center (KH)_Color (Dark).jpg
kh-g-m-c-no-r,false,KH,G,C,,M,false,https://raw.githubusercontent.com/ALXRITR/Korte-Hoffmann/main/Logo/KH Gebäudedruck/Gebäudedruck_M_Center (KH)_White_No-(R).svg,"KORTE HOFFMANN G Logo, Größe M, Zentriert, KH, ohne ®-Symbol",https://raw.githubusercontent.com/ALXRITR/Korte-Hoffmann/main/Logo/KH Gebäudedruck/Gebäudedruck_M_Center (KH)_White_No-(R).svg,https://raw.githubusercontent.com/ALXRITR/Korte-Hoffmann/main/Logo/KH Gebäudedruck/Gebäudedruck_M_Center (KH)_White_No-(R).pdf,https://raw.githubusercontent.com/ALXRITR/Korte-Hoffmann/main/Logo/KH Gebäudedruck/Gebäudedruck_M_Center (KH)_White_No-(R).png,https://raw.githubusercontent.com/ALXRITR/Korte-Hoffmann/main/Logo/KH Gebäudedruck/Gebäudedruck_M_Center (KH)_Black_No-(R).jpg
kh-g-s-c,false,KH,G,C,,S,true,https://raw.githubusercontent.com/ALXRITR/Korte-Hoffmann/main/Logo/KH Gebäudedruck/Gebäudedruck_S_Center (KH)_White.svg,"KORTE HOFFMANN G Logo, Größe S, Zentriert, KH",https://raw.githubusercontent.com/ALXRITR/Korte-Hoffmann/main/Logo/KH Gebäudedruck/Gebäudedruck_S_Center (KH)_White.svg,https://raw.githubusercontent.com/ALXRITR/Korte-Hoffmann/main/Logo/KH Gebäudedruck/Gebäudedruck_S_Center (KH)_White.pdf,https://raw.githubusercontent.com/ALXRITR/Korte-Hoffmann/main/Logo/KH Gebäudedruck/Gebäudedruck_S_Center (KH)_White.png,https://raw.githubusercontent.com/ALXRITR/Korte-Hoffmann/main/Logo/KH Gebäudedruck/Gebäudedruck_S_Center (KH)_Color (Dark).jpg
kh-g-s-c-no-r,false,KH,G,C,,S,false,https://raw.githubusercontent.com/ALXRITR/Korte-Hoffmann/main/Logo/KH Gebäudedruck/Gebäudedruck_S_Center (KH)_White_No-(R).svg,"KORTE HOFFMANN G Logo, Größe S, Zentriert, KH, ohne ®-Symbol",https://raw.githubusercontent.com/ALXRITR/Korte-Hoffmann/main/Logo/KH Gebäudedruck/Gebäudedruck_S_Center (KH)_White_No-(R).svg,https://raw.githubusercontent.com/ALXRITR/Korte-Hoffmann/main/Logo/KH Gebäudedruck/Gebäudedruck_S_Center (KH)_White_No-(R).pdf,https://raw.githubusercontent.com/ALXRITR/Korte-Hoffmann/main/Logo/KH Gebäudedruck/Gebäudedruck_S_Center (KH)_White_No-(R).png,https://raw.githubusercontent.com/ALXRITR/Korte-Hoffmann/main/Logo/KH Gebäudedruck/Gebäudedruck_S_Center (KH)_Black_No-(R).jpg
kh-gr-l-c,false,KH,GR,C,,L,true,https://raw.githubusercontent.com/ALXRITR/Korte-Hoffmann/main/Logo/KH%20GRUPPE/Gruppe_L_Center%20(KH)_White.svg,"KORTE HOFFMANN GR Logo, Größe L, Zentriert, KH",https://raw.githubusercontent.com/ALXRITR/Korte-Hoffmann/main/Logo/KH%20GRUPPE/Gruppe_L_Center%20(KH)_White.svg,https://raw.githubusercontent.com/ALXRITR/Korte-Hoffmann/main/Logo/KH%20GRUPPE/Gruppe_L_Center%20(KH)_White.pdf,https://raw.githubusercontent.com/ALXRITR/Korte-Hoffmann/main/Logo/KH%20GRUPPE/Gruppe_L_Center%20(KH)_White.png,https://raw.githubusercontent.com/ALXRITR/Korte-Hoffmann/main/Logo/KH%20GRUPPE/Gruppe_L_Center%20(KH)_Black.jpg
kh-gr-l-c-no-r,false,KH,GR,C,,L,false,https://raw.githubusercontent.com/ALXRITR/Korte-Hoffmann/main/Logo/KH%20GRUPPE/Gruppe_L_Center%20(KH)_White_No-(R).svg,"KORTE HOFFMANN GR Logo, Größe L, Zentriert, KH, ohne ®-Symbol",https://raw.githubusercontent.com/ALXRITR/Korte-Hoffmann/main/Logo/KH%20GRUPPE/Gruppe_L_Center%20(KH)_White_No-(R).svg,https://raw.githubusercontent.com/ALXRITR/Korte-Hoffmann/main/Logo/KH%20GRUPPE/Gruppe_L_Center%20(KH)_White_No-(R).pdf,https://raw.githubusercontent.com/ALXRITR/Korte-Hoffmann/main/Logo/KH%20GRUPPE/Gruppe_L_Center%20(KH)_White_No-(R).png,https://raw.githubusercontent.com/ALXRITR/Korte-Hoffmann/main/Logo/KH%20GRUPPE/Gruppe_L_Center%20(KH)_Black_No-(R).jpg
kh-gr-m-c,false,KH,GR,C,,M,true,https://raw.githubusercontent.com/ALXRITR/Korte-Hoffmann/main/Logo/KH%20GRUPPE/Gruppe_M_Center%20(KH)_White.svg,"KORTE HOFFMANN GR Logo, Größe M, Zentriert, KH",https://raw.githubusercontent.com/ALXRITR/Korte-Hoffmann/main/Logo/KH%20GRUPPE/Gruppe_M_Center%20(KH)_White.svg,https://raw.githubusercontent.com/ALXRITR/Korte-Hoffmann/main/Logo/KH%20GRUPPE/Gruppe_M_Center%20(KH)_White.pdf,https://raw.githubusercontent.com/ALXRITR/Korte-Hoffmann/main/Logo/KH%20GRUPPE/Gruppe_M_Center%20(KH)_White.png,https://raw.githubusercontent.com/ALXRITR/Korte-Hoffmann/main/Logo/KH%20GRUPPE/Gruppe_M_Center%20(KH)_Black.jpg
kh-gr-m-c-no-r,false,KH,GR,C,,M,false,https://raw.githubusercontent.com/ALXRITR/Korte-Hoffmann/main/Logo/KH%20GRUPPE/Gruppe_M_Center%20(KH)_White_No-(R).svg,"KORTE HOFFMANN GR Logo, Größe M, Zentriert, KH, ohne ®-Symbol",https://raw.githubusercontent.com/ALXRITR/Korte-Hoffmann/main/Logo/KH%20GRUPPE/Gruppe_M_Center%20(KH)_White_No-(R).svg,https://raw.githubusercontent.com/ALXRITR/Korte-Hoffmann/main/Logo/KH%20GRUPPE/Gruppe_M_Center%20(KH)_White_No-(R).pdf,https://raw.githubusercontent.com/ALXRITR/Korte-Hoffmann/main/Logo/KH%20GRUPPE/Gruppe_M_Center%20(KH)_White_No-(R).png,https://raw.githubusercontent.com/ALXRITR/Korte-Hoffmann/main/Logo/KH%20GRUPPE/Gruppe_M_Center%20(KH)_Black_No-(R).jpg
kh-gr-s-c,false,KH,GR,C,,S,true,https://raw.githubusercontent.com/ALXRITR/Korte-Hoffmann/main/Logo/KH%20GRUPPE/Gruppe_S_Center%20(KH)_White.svg,"KORTE HOFFMANN GR Logo, Größe S, Zentriert, KH",https://raw.githubusercontent.com/ALXRITR/Korte-Hoffmann/main/Logo/KH%20GRUPPE/Gruppe_S_Center%20(KH)_White.svg,https://raw.githubusercontent.com/ALXRITR/Korte-Hoffmann/main/Logo/KH%20GRUPPE/Gruppe_S_Center%20(KH)_White.pdf,https://raw.githubusercontent.com/ALXRITR/Korte-Hoffmann/main/Logo/KH%20GRUPPE/Gruppe_S_Center%20(KH)_White.png,https://raw.githubusercontent.com/ALXRITR/Korte-Hoffmann/main/Logo/KH%20GRUPPE/Gruppe_S_Center%20(KH)_Black.jpg
kh-gr-s-c-no-r,false,KH,GR,C,,S,false,https://raw.githubusercontent.com/ALXRITR/Korte-Hoffmann/main/Logo/KH%20GRUPPE/Gruppe_S_Center%20(KH)_White_No-(R).svg,"KORTE HOFFMANN GR Logo, Größe S, Zentriert, KH, ohne ®-Symbol",https://raw.githubusercontent.com/ALXRITR/Korte-Hoffmann/main/Logo/KH%20GRUPPE/Gruppe_S_Center%20(KH)_White_No-(R).svg,https://raw.githubusercontent.com/ALXRITR/Korte-Hoffmann/main/Logo/KH%20GRUPPE/Gruppe_S_Center%20(KH)_White_No-(R).pdf,https://raw.githubusercontent.com/ALXRITR/Korte-Hoffmann/main/Logo/KH%20GRUPPE/Gruppe_S_Center%20(KH)_White_No-(R).png,https://raw.githubusercontent.com/ALXRITR/Korte-Hoffmann/main/Logo/KH%20GRUPPE/Gruppe_S_Center%20(KH)_Black_No-(R).jpg
kh-i-l-c,false,KH,I,C,,L,true,https://raw.githubusercontent.com/ALXRITR/Korte-Hoffmann/main/Logo/KH%20Immobilien/Immobilien_L_Center%20(KH)_White.svg,"KORTE HOFFMANN I Logo, Größe L, Zentriert, KH",https://raw.githubusercontent.com/ALXRITR/Korte-Hoffmann/main/Logo/KH%20Immobilien/Immobilien_L_Center%20(KH)_White.svg,https://raw.githubusercontent.com/ALXRITR/Korte-Hoffmann/main/Logo/KH%20Immobilien/Immobilien_L_Center%20(KH)_White.pdf,https://raw.githubusercontent.com/ALXRITR/Korte-Hoffmann/main/Logo/KH%20Immobilien/Immobilien_L_Center%20(KH)_White.png,https://raw.githubusercontent.com/ALXRITR/Korte-Hoffmann/main/Logo/KH%20Immobilien/Immobilien_L_Center%20(KH)_Color%20(Dark).jpg
kh-i-l-c-no-r,false,KH,I,C,,L,false,https://raw.githubusercontent.com/ALXRITR/Korte-Hoffmann/main/Logo/KH%20Immobilien/Immobilien_L_Center%20(KH)_White_No-(R).svg,"KORTE HOFFMANN I Logo, Größe L, Zentriert, KH, ohne ®-Symbol",https://raw.githubusercontent.com/ALXRITR/Korte-Hoffmann/main/Logo/KH%20Immobilien/Immobilien_L_Center%20(KH)_White_No-(R).svg,https://raw.githubusercontent.com/ALXRITR/Korte-Hoffmann/main/Logo/KH%20Immobilien/Immobilien_L_Center%20(KH)_White_No-(R).pdf,https://raw.githubusercontent.com/ALXRITR/Korte-Hoffmann/main/Logo/KH%20Immobilien/Immobilien_L_Center%20(KH)_White_No-(R).png,https://raw.githubusercontent.com/ALXRITR/Korte-Hoffmann/main/Logo/KH%20Immobilien/Immobilien_L_Center%20(KH)_Black_No-(R).jpg
kh-i-m-c,false,KH,I,C,,M,true,https://raw.githubusercontent.com/ALXRITR/Korte-Hoffmann/main/Logo/KH%20Immobilien/Immobilien_M_Center%20(KH)_White.svg,"KORTE HOFFMANN I Logo, Größe M, Zentriert, KH",https://raw.githubusercontent.com/ALXRITR/Korte-Hoffmann/main/Logo/KH%20Immobilien/Immobilien_M_Center%20(KH)_White.svg,https://raw.githubusercontent.com/ALXRITR/Korte-Hoffmann/main/Logo/KH%20Immobilien/Immobilien_M_Center%20(KH)_White.pdf,https://raw.githubusercontent.com/ALXRITR/Korte-Hoffmann/main/Logo/KH%20Immobilien/Immobilien_M_Center%20(KH)_White.png,https://raw.githubusercontent.com/ALXRITR/Korte-Hoffmann/main/Logo/KH%20Immobilien/Immobilien_M_Center%20(KH)_Color%20(Dark).jpg
kh-i-m-c-no-r,false,KH,I,C,,M,false,https://raw.githubusercontent.com/ALXRITR/Korte-Hoffmann/main/Logo/KH%20Immobilien/Immobilien_M_Center%20(KH)_White_No-(R).svg,"KORTE HOFFMANN I Logo, Größe M, Zentriert, KH, ohne ®-Symbol",https://raw.githubusercontent.com/ALXRITR/Korte-Hoffmann/main/Logo/KH%20Immobilien/Immobilien_M_Center%20(KH)_White_No-(R).svg,https://raw.githubusercontent.com/ALXRITR/Korte-Hoffmann/main/Logo/KH%20Immobilien/Immobilien_M_Center%20(KH)_White_No-(R).pdf,https://raw.githubusercontent.com/ALXRITR/Korte-Hoffmann/main/Logo/KH%20Immobilien/Immobilien_M_Center%20(KH)_White_No-(R).png,https://raw.githubusercontent.com/ALXRITR/Korte-Hoffmann/main/Logo/KH%20Immobilien/Immobilien_M_Center%20(KH)_Black_No-(R).jpg
kh-i-s-c,false,KH,I,C,,S,true,https://raw.githubusercontent.com/ALXRITR/Korte-Hoffmann/main/Logo/KH%20Immobilien/Immobilien_S_Center%20(KH)_White.svg,"KORTE HOFFMANN I Logo, Größe S, Zentriert, KH",https://raw.githubusercontent.com/ALXRITR/Korte-Hoffmann/main/Logo/KH%20Immobilien/Immobilien_S_Center%20(KH)_White.svg,https://raw.githubusercontent.com/ALXRITR/Korte-Hoffmann/main/Logo/KH%20Immobilien/Immobilien_S_Center%20(KH)_White.pdf,https://raw.githubusercontent.com/ALXRITR/Korte-Hoffmann/main/Logo/KH%20Immobilien/Immobilien_S_Center%20(KH)_White.png,https://raw.githubusercontent.com/ALXRITR/Korte-Hoffmann/main/Logo/KH%20Immobilien/Immobilien_S_Center%20(KH)_Color%20(Dark).jpg
kh-i-s-c-no-r,false,KH,I,C,,S,false,https://raw.githubusercontent.com/ALXRITR/Korte-Hoffmann/main/Logo/KH%20Immobilien/Immobilien_S_Center%20(KH)_White_No-(R).svg,"KORTE HOFFMANN I Logo, Größe S, Zentriert, KH, ohne ®-Symbol",https://raw.githubusercontent.com/ALXRITR/Korte-Hoffmann/main/Logo/KH%20Immobilien/Immobilien_S_Center%20(KH)_White_No-(R).svg,https://raw.githubusercontent.com/ALXRITR/Korte-Hoffmann/main/Logo/KH%20Immobilien/Immobilien_S_Center%20(KH)_White_No-(R).pdf,https://raw.githubusercontent.com/ALXRITR/Korte-Hoffmann/main/Logo/KH%20Immobilien/Immobilien_S_Center%20(KH)_White_No-(R).png,https://raw.githubusercontent.com/ALXRITR/Korte-Hoffmann/main/Logo/KH%20Immobilien/Immobilien_S_Center%20(KH)_Black_No-(R).jpg
kh-no-division-l-no-lockup,false,KH,no-division,no-lockup,,L,true,https://raw.githubusercontent.com/ALXRITR/Korte-Hoffmann/main/Logo/KORTE%20HOFFMANN/KH_L_White.svg,"KORTE HOFFMANN no-division Logo, Größe L, KH",https://raw.githubusercontent.com/ALXRITR/Korte-Hoffmann/main/Logo/KORTE%20HOFFMANN/KH_L_White.svg,https://raw.githubusercontent.com/ALXRITR/Korte-Hoffmann/main/Logo/KORTE%20HOFFMANN/KH_L_White.pdf,https://raw.githubusercontent.com/ALXRITR/Korte-Hoffmann/main/Logo/KORTE%20HOFFMANN/KH_L_White.png,https://raw.githubusercontent.com/ALXRITR/Korte-Hoffmann/main/Logo/KORTE%20HOFFMANN/KH_L_Black.jpg
kh-no-division-l-no-lockup-no-r,false,KH,no-division,no-lockup,,L,false,https://raw.githubusercontent.com/ALXRITR/Korte-Hoffmann/main/Logo/KORTE%20HOFFMANN/KH_L_White_No-(R).svg,"KORTE HOFFMANN no-division Logo, Größe L, KH, ohne ®-Symbol",https://raw.githubusercontent.com/ALXRITR/Korte-Hoffmann/main/Logo/KORTE%20HOFFMANN/KH_L_White_No-(R).svg,https://raw.githubusercontent.com/ALXRITR/Korte-Hoffmann/main/Logo/KORTE%20HOFFMANN/KH_L_White_No-(R).pdf,https://raw.githubusercontent.com/ALXRITR/Korte-Hoffmann/main/Logo/KORTE%20HOFFMANN/KH_L_White_No-(R).png,https://raw.githubusercontent.com/ALXRITR/Korte-Hoffmann/main/Logo/KORTE%20HOFFMANN/KH_L_Black_No-(R).jpg
kh-no-division-m-no-lockup,false,KH,no-division,no-lockup,,M,true,https://raw.githubusercontent.com/ALXRITR/Korte-Hoffmann/main/Logo/KORTE%20HOFFMANN/KH_M_White.svg,"KORTE HOFFMANN no-division Logo, Größe M, KH",https://raw.githubusercontent.com/ALXRITR/Korte-Hoffmann/main/Logo/KORTE%20HOFFMANN/KH_M_White.svg,https://raw.githubusercontent.com/ALXRITR/Korte-Hoffmann/main/Logo/KORTE%20HOFFMANN/KH_M_White.pdf,https://raw.githubusercontent.com/ALXRITR/Korte-Hoffmann/main/Logo/KORTE%20HOFFMANN/KH_M_White.png,https://raw.githubusercontent.com/ALXRITR/Korte-Hoffmann/main/Logo/KORTE%20HOFFMANN/KH_M_Black.jpg
kh-no-division-m-no-lockup-no-r,false,KH,no-division,no-lockup,,M,false,https://raw.githubusercontent.com/ALXRITR/Korte-Hoffmann/main/Logo/KORTE%20HOFFMANN/KH_M_White_No-(R).svg,"KORTE HOFFMANN no-division Logo, Größe M, KH, ohne ®-Symbol",https://raw.githubusercontent.com/ALXRITR/Korte-Hoffmann/main/Logo/KORTE%20HOFFMANN/KH_M_White_No-(R).svg,https://raw.githubusercontent.com/ALXRITR/Korte-Hoffmann/main/Logo/KORTE%20HOFFMANN/KH_M_White_No-(R).pdf,https://raw.githubusercontent.com/ALXRITR/Korte-Hoffmann/main/Logo/KORTE%20HOFFMANN/KH_M_White_No-(R).png,https://raw.githubusercontent.com/ALXRITR/Korte-Hoffmann/main/Logo/KORTE%20HOFFMANN/KH_M_Black_No-(R).jpg
kh-no-division-s-no-lockup,false,KH,no-division,no-lockup,,S,true,https://raw.githubusercontent.com/ALXRITR/Korte-Hoffmann/main/Logo/KORTE%20HOFFMANN/KH_S_White.svg,"KORTE HOFFMANN no-division Logo, Größe S, KH",https://raw.githubusercontent.com/ALXRITR/Korte-Hoffmann/main/Logo/KORTE%20HOFFMANN/KH_S_White.svg,https://raw.githubusercontent.com/ALXRITR/Korte-Hoffmann/main/Logo/KORTE%20HOFFMANN/KH_S_White.pdf,https://raw.githubusercontent.com/ALXRITR/Korte-Hoffmann/main/Logo/KORTE%20HOFFMANN/KH_S_White.png,https://raw.githubusercontent.com/ALXRITR/Korte-Hoffmann/main/Logo/KORTE%20HOFFMANN/KH_S_Black.jpg
kh-no-division-s-no-lockup-no-r,false,KH,no-division,no-lockup,,S,false,https://raw.githubusercontent.com/ALXRITR/Korte-Hoffmann/main/Logo/KORTE%20HOFFMANN/KH_S_White_No-(R).svg,"KORTE HOFFMANN no-division Logo, Größe S, KH, ohne ®-Symbol",https://raw.githubusercontent.com/ALXRITR/Korte-Hoffmann/main/Logo/KORTE%20HOFFMANN/KH_S_White_No-(R).svg,https://raw.githubusercontent.com/ALXRITR/Korte-Hoffmann/main/Logo/KORTE%20HOFFMANN/KH_S_White_No-(R).pdf,https://raw.githubusercontent.com/ALXRITR/Korte-Hoffmann/main/Logo/KORTE%20HOFFMANN/KH_S_White_No-(R).png,https://raw.githubusercontent.com/ALXRITR/Korte-Hoffmann/main/Logo/KORTE%20HOFFMANN/KH_S_Black_No-(R).jpg
korte-hoffmann-ai-l-c,false,KORTE HOFFMANN,A+I,C,,L,true,https://raw.githubusercontent.com/ALXRITR/Korte-Hoffmann/main/Logo/KH Architekten + Ingenieure/Architekten+Ingenieure_L_Center_White.svg,"KORTE HOFFMANN A+I Logo, Größe L, Zentriert",https://raw.githubusercontent.com/ALXRITR/Korte-Hoffmann/main/Logo/KH Architekten + Ingenieure/Architekten+Ingenieure_L_Center_White.svg,https://raw.githubusercontent.com/ALXRITR/Korte-Hoffmann/main/Logo/KH Architekten + Ingenieure/Architekten+Ingenieure_L_Center_White.pdf,https://raw.githubusercontent.com/ALXRITR/Korte-Hoffmann/main/Logo/KH Architekten + Ingenieure/Architekten+Ingenieure_L_Center_White.png,https://raw.githubusercontent.com/ALXRITR/Korte-Hoffmann/main/Logo/KH Architekten + Ingenieure/Architekten+Ingenieure_L_Center_Color (Dark).jpg
korte-hoffmann-ai-l-c-no-r,false,KORTE HOFFMANN,A+I,C,,L,false,https://raw.githubusercontent.com/ALXRITR/Korte-Hoffmann/main/Logo/KH Architekten + Ingenieure/Architekten+Ingenieure_L_Center_White_No-(R).svg,"KORTE HOFFMANN A+I Logo, Größe L, Zentriert, ohne ®-Symbol",https://raw.githubusercontent.com/ALXRITR/Korte-Hoffmann/main/Logo/KH Architekten + Ingenieure/Architekten+Ingenieure_L_Center_White_No-(R).svg,https://raw.githubusercontent.com/ALXRITR/Korte-Hoffmann/main/Logo/KH Architekten + Ingenieure/Architekten+Ingenieure_L_Center_White_No-(R).pdf,https://raw.githubusercontent.com/ALXRITR/Korte-Hoffmann/main/Logo/KH Architekten + Ingenieure/Architekten+Ingenieure_L_Center_White_No-(R).png,https://raw.githubusercontent.com/ALXRITR/Korte-Hoffmann/main/Logo/KH Architekten + Ingenieure/Architekten+Ingenieure_L_Center_Color (Dark)_No-(R).jpg
korte-hoffmann-ai-l-l,false,KORTE HOFFMANN,A+I,L,,L,true,https://raw.githubusercontent.com/ALXRITR/Korte-Hoffmann/main/Logo/KH Architekten + Ingenieure/Architekten+Ingenieure_L_Left_White.svg,"KORTE HOFFMANN A+I Logo, Größe L, Links",https://raw.githubusercontent.com/ALXRITR/Korte-Hoffmann/main/Logo/KH Architekten + Ingenieure/Architekten+Ingenieure_L_Left_White.svg,https://raw.githubusercontent.com/ALXRITR/Korte-Hoffmann/main/Logo/KH Architekten + Ingenieure/Architekten+Ingenieure_L_Left_White.pdf,https://raw.githubusercontent.com/ALXRITR/Korte-Hoffmann/main/Logo/KH Architekten + Ingenieure/Architekten+Ingenieure_L_Left_White.png,https://raw.githubusercontent.com/ALXRITR/Korte-Hoffmann/main/Logo/KH Architekten + Ingenieure/Architekten+Ingenieure_L_Left_Color (Dark).jpg
korte-hoffmann-ai-l-l-no-r,false,KORTE HOFFMANN,A+I,L,,L,false,https://raw.githubusercontent.com/ALXRITR/Korte-Hoffmann/main/Logo/KH Architekten + Ingenieure/Architekten+Ingenieure_L_Left_White_No-(R).svg,"KORTE HOFFMANN A+I Logo, Größe L, Links, ohne ®-Symbol",https://raw.githubusercontent.com/ALXRITR/Korte-Hoffmann/main/Logo/KH Architekten + Ingenieure/Architekten+Ingenieure_L_Left_White_No-(R).svg,https://raw.githubusercontent.com/ALXRITR/Korte-Hoffmann/main/Logo/KH Architekten + Ingenieure/Architekten+Ingenieure_L_Left_White_No-(R).pdf,https://raw.githubusercontent.com/ALXRITR/Korte-Hoffmann/main/Logo/KH Architekten + Ingenieure/Architekten+Ingenieure_L_Left_White_No-(R).png,https://raw.githubusercontent.com/ALXRITR/Korte-Hoffmann/main/Logo/KH Architekten + Ingenieure/Architekten+Ingenieure_L_Left_Color (Dark)_No-(R).jpg
korte-hoffmann-ai-l-r,false,KORTE HOFFMANN,A+I,R,,L,true,https://raw.githubusercontent.com/ALXRITR/Korte-Hoffmann/main/Logo/KH Architekten + Ingenieure/Architekten+Ingenieure_L_Right_White.svg,"KORTE HOFFMANN A+I Logo, Größe L, Rechts",https://raw.githubusercontent.com/ALXRITR/Korte-Hoffmann/main/Logo/KH Architekten + Ingenieure/Architekten+Ingenieure_L_Right_White.svg,https://raw.githubusercontent.com/ALXRITR/Korte-Hoffmann/main/Logo/KH Architekten + Ingenieure/Architekten+Ingenieure_L_Right_White.pdf,https://raw.githubusercontent.com/ALXRITR/Korte-Hoffmann/main/Logo/KH Architekten + Ingenieure/Architekten+Ingenieure_L_Right_White.png,https://raw.githubusercontent.com/ALXRITR/Korte-Hoffmann/main/Logo/KH Architekten + Ingenieure/Architekten+Ingenieure_L_Right_Color (Dark).jpg
korte-hoffmann-ai-l-r-no-r,false,KORTE HOFFMANN,A+I,R,,L,false,https://raw.githubusercontent.com/ALXRITR/Korte-Hoffmann/main/Logo/KH Architekten + Ingenieure/Architekten+Ingenieure_L_Right_White_No-(R).svg,"KORTE HOFFMANN A+I Logo, Größe L, Rechts, ohne ®-Symbol",https://raw.githubusercontent.com/ALXRITR/Korte-Hoffmann/main/Logo/KH Architekten + Ingenieure/Architekten+Ingenieure_L_Right_White_No-(R).svg,https://raw.githubusercontent.com/ALXRITR/Korte-Hoffmann/main/Logo/KH Architekten + Ingenieure/Architekten+Ingenieure_L_Right_White_No-(R).pdf,https://raw.githubusercontent.com/ALXRITR/Korte-Hoffmann/main/Logo/KH Architekten + Ingenieure/Architekten+Ingenieure_L_Right_White_No-(R).png,https://raw.githubusercontent.com/ALXRITR/Korte-Hoffmann/main/Logo/KH Architekten + Ingenieure/Architekten+Ingenieure_L_Right_Color (Dark)_No-(R).jpg
korte-hoffmann-ai-m-c,false,KORTE HOFFMANN,A+I,C,,M,true,https://raw.githubusercontent.com/ALXRITR/Korte-Hoffmann/main/Logo/KH Architekten + Ingenieure/Architekten+Ingenieure_M_Center_White.svg,"KORTE HOFFMANN A+I Logo, Größe M, Zentriert",https://raw.githubusercontent.com/ALXRITR/Korte-Hoffmann/main/Logo/KH Architekten + Ingenieure/Architekten+Ingenieure_M_Center_White.svg,https://raw.githubusercontent.com/ALXRITR/Korte-Hoffmann/main/Logo/KH Architekten + Ingenieure/Architekten+Ingenieure_M_Center_White.pdf,https://raw.githubusercontent.com/ALXRITR/Korte-Hoffmann/main/Logo/KH Architekten + Ingenieure/Architekten+Ingenieure_M_Center_White.png,https://raw.githubusercontent.com/ALXRITR/Korte-Hoffmann/main/Logo/KH Architekten + Ingenieure/Architekten+Ingenieure_M_Center_Color (Dark).jpg
korte-hoffmann-ai-m-c-no-r,false,KORTE HOFFMANN,A+I,C,,M,false,https://raw.githubusercontent.com/ALXRITR/Korte-Hoffmann/main/Logo/KH Architekten + Ingenieure/Architekten+Ingenieure_M_Center_White_No-(R).svg,"KORTE HOFFMANN A+I Logo, Größe M, Zentriert, ohne ®-Symbol",https://raw.githubusercontent.com/ALXRITR/Korte-Hoffmann/main/Logo/KH Architekten + Ingenieure/Architekten+Ingenieure_M_Center_White_No-(R).svg,https://raw.githubusercontent.com/ALXRITR/Korte-Hoffmann/main/Logo/KH Architekten + Ingenieure/Architekten+Ingenieure_M_Center_White_No-(R).pdf,https://raw.githubusercontent.com/ALXRITR/Korte-Hoffmann/main/Logo/KH Architekten + Ingenieure/Architekten+Ingenieure_M_Center_White_No-(R).png,https://raw.githubusercontent.com/ALXRITR/Korte-Hoffmann/main/Logo/KH Architekten + Ingenieure/Architekten+Ingenieure_M_Center_Color (Dark)_No-(R).jpg
korte-hoffmann-ai-m-l,false,KORTE HOFFMANN,A+I,L,,M,true,https://raw.githubusercontent.com/ALXRITR/Korte-Hoffmann/main/Logo/KH Architekten + Ingenieure/Architekten+Ingenieure_M_Left_White.svg,"KORTE HOFFMANN A+I Logo, Größe M, Links",https://raw.githubusercontent.com/ALXRITR/Korte-Hoffmann/main/Logo/KH Architekten + Ingenieure/Architekten+Ingenieure_M_Left_White.svg,https://raw.githubusercontent.com/ALXRITR/Korte-Hoffmann/main/Logo/KH Architekten + Ingenieure/Architekten+Ingenieure_M_Left_White.pdf,https://raw.githubusercontent.com/ALXRITR/Korte-Hoffmann/main/Logo/KH Architekten + Ingenieure/Architekten+Ingenieure_M_Left_White.png,https://raw.githubusercontent.com/ALXRITR/Korte-Hoffmann/main/Logo/KH Architekten + Ingenieure/Architekten+Ingenieure_M_Left_Color (Dark).jpg
korte-hoffmann-ai-m-l-no-r,false,KORTE HOFFMANN,A+I,L,,M,false,https://raw.githubusercontent.com/ALXRITR/Korte-Hoffmann/main/Logo/KH Architekten + Ingenieure/Architekten+Ingenieure_M_Left_White_No-(R).svg,"KORTE HOFFMANN A+I Logo, Größe M, Links, ohne ®-Symbol",https://raw.githubusercontent.com/ALXRITR/Korte-Hoffmann/main/Logo/KH Architekten + Ingenieure/Architekten+Ingenieure_M_Left_White_No-(R).svg,https://raw.githubusercontent.com/ALXRITR/Korte-Hoffmann/main/Logo/KH Architekten + Ingenieure/Architekten+Ingenieure_M_Left_White_No-(R).pdf,https://raw.githubusercontent.com/ALXRITR/Korte-Hoffmann/main/Logo/KH Architekten + Ingenieure/Architekten+Ingenieure_M_Left_White_No-(R).png,https://raw.githubusercontent.com/ALXRITR/Korte-Hoffmann/main/Logo/KH Architekten + Ingenieure/Architekten+Ingenieure_M_Left_Color (Dark)_No-(R).jpg
korte-hoffmann-ai-m-r,false,KORTE HOFFMANN,A+I,R,,M,true,https://raw.githubusercontent.com/ALXRITR/Korte-Hoffmann/main/Logo/KH Architekten + Ingenieure/Architekten+Ingenieure_M_Right_White.svg,"KORTE HOFFMANN A+I Logo, Größe M, Rechts",https://raw.githubusercontent.com/ALXRITR/Korte-Hoffmann/main/Logo/KH Architekten + Ingenieure/Architekten+Ingenieure_M_Right_White.svg,https://raw.githubusercontent.com/ALXRITR/Korte-Hoffmann/main/Logo/KH Architekten + Ingenieure/Architekten+Ingenieure_M_Right_White.pdf,https://raw.githubusercontent.com/ALXRITR/Korte-Hoffmann/main/Logo/KH Architekten + Ingenieure/Architekten+Ingenieure_M_Right_White.png,https://raw.githubusercontent.com/ALXRITR/Korte-Hoffmann/main/Logo/KH Architekten + Ingenieure/Architekten+Ingenieure_M_Right_Color (Dark).jpg
korte-hoffmann-ai-m-r-no-r,false,KORTE HOFFMANN,A+I,R,,M,false,https://raw.githubusercontent.com/ALXRITR/Korte-Hoffmann/main/Logo/KH Architekten + Ingenieure/Architekten+Ingenieure_M_Right_White_No-(R).svg,"KORTE HOFFMANN A+I Logo, Größe M, Rechts, ohne ®-Symbol",https://raw.githubusercontent.com/ALXRITR/Korte-Hoffmann/main/Logo/KH Architekten + Ingenieure/Architekten+Ingenieure_M_Right_White_No-(R).svg,https://raw.githubusercontent.com/ALXRITR/Korte-Hoffmann/main/Logo/KH Architekten + Ingenieure/Architekten+Ingenieure_M_Right_White_No-(R).pdf,https://raw.githubusercontent.com/ALXRITR/Korte-Hoffmann/main/Logo/KH Architekten + Ingenieure/Architekten+Ingenieure_M_Right_White_No-(R).png,https://raw.githubusercontent.com/ALXRITR/Korte-Hoffmann/main/Logo/KH Architekten + Ingenieure/Architekten+Ingenieure_M_Right_Color (Dark)_No-(R).jpg
korte-hoffmann-ai-s-c,false,KORTE HOFFMANN,A+I,C,,S,true,https://raw.githubusercontent.com/ALXRITR/Korte-Hoffmann/main/Logo/KH Architekten + Ingenieure/Architekten+Ingenieure_S_Center_White.svg,"KORTE HOFFMANN A+I Logo, Größe S, Zentriert",https://raw.githubusercontent.com/ALXRITR/Korte-Hoffmann/main/Logo/KH Architekten + Ingenieure/Architekten+Ingenieure_S_Center_White.svg,https://raw.githubusercontent.com/ALXRITR/Korte-Hoffmann/main/Logo/KH Architekten + Ingenieure/Architekten+Ingenieure_S_Center_White.pdf,https://raw.githubusercontent.com/ALXRITR/Korte-Hoffmann/main/Logo/KH Architekten + Ingenieure/Architekten+Ingenieure_S_Center_White.png,https://raw.githubusercontent.com/ALXRITR/Korte-Hoffmann/main/Logo/KH Architekten + Ingenieure/Architekten+Ingenieure_S_Center_Color (Dark).jpg
korte-hoffmann-ai-s-c-no-r,false,KORTE HOFFMANN,A+I,C,,S,false,https://raw.githubusercontent.com/ALXRITR/Korte-Hoffmann/main/Logo/KH Architekten + Ingenieure/Architekten+Ingenieure_S_Center_White_No-(R).svg,"KORTE HOFFMANN A+I Logo, Größe S, Zentriert, ohne ®-Symbol",https://raw.githubusercontent.com/ALXRITR/Korte-Hoffmann/main/Logo/KH Architekten + Ingenieure/Architekten+Ingenieure_S_Center_White_No-(R).svg,https://raw.githubusercontent.com/ALXRITR/Korte-Hoffmann/main/Logo/KH Architekten + Ingenieure/Architekten+Ingenieure_S_Center_White_No-(R).pdf,https://raw.githubusercontent.com/ALXRITR/Korte-Hoffmann/main/Logo/KH Architekten + Ingenieure/Architekten+Ingenieure_S_Center_White_No-(R).png,https://raw.githubusercontent.com/ALXRITR/Korte-Hoffmann/main/Logo/KH Architekten + Ingenieure/Architekten+Ingenieure_S_Center_Color (Dark)_No-(R).jpg
korte-hoffmann-ai-s-l,false,KORTE HOFFMANN,A+I,L,,S,true,https://raw.githubusercontent.com/ALXRITR/Korte-Hoffmann/main/Logo/KH Architekten + Ingenieure/Architekten+Ingenieure_S_Left_White.svg,"KORTE HOFFMANN A+I Logo, Größe S, Links",https://raw.githubusercontent.com/ALXRITR/Korte-Hoffmann/main/Logo/KH Architekten + Ingenieure/Architekten+Ingenieure_S_Left_White.svg,https://raw.githubusercontent.com/ALXRITR/Korte-Hoffmann/main/Logo/KH Architekten + Ingenieure/Architekten+Ingenieure_S_Left_White.pdf,https://raw.githubusercontent.com/ALXRITR/Korte-Hoffmann/main/Logo/KH Architekten + Ingenieure/Architekten+Ingenieure_S_Left_White.png,https://raw.githubusercontent.com/ALXRITR/Korte-Hoffmann/main/Logo/KH Architekten + Ingenieure/Architekten+Ingenieure_S_Left_Color (Dark).jpg
korte-hoffmann-ai-s-l-no-r,false,KORTE HOFFMANN,A+I,L,,S,false,https://raw.githubusercontent.com/ALXRITR/Korte-Hoffmann/main/Logo/KH Architekten + Ingenieure/Architekten+Ingenieure_S_Left_White_No-(R).svg,"KORTE HOFFMANN A+I Logo, Größe S, Links, ohne ®-Symbol",https://raw.githubusercontent.com/ALXRITR/Korte-Hoffmann/main/Logo/KH Architekten + Ingenieure/Architekten+Ingenieure_S_Left_White_No-(R).svg,https://raw.githubusercontent.com/ALXRITR/Korte-Hoffmann/main/Logo/KH Architekten + Ingenieure/Architekten+Ingenieure_S_Left_White_No-(R).pdf,https://raw.githubusercontent.com/ALXRITR/Korte-Hoffmann/main/Logo/KH Architekten + Ingenieure/Architekten+Ingenieure_S_Left_White_No-(R).png,https://raw.githubusercontent.com/ALXRITR/Korte-Hoffmann/main/Logo/KH Architekten + Ingenieure/Architekten+Ingenieure_S_Left_Color (Dark)_No-(R).jpg
korte-hoffmann-ai-s-r,false,KORTE HOFFMANN,A+I,R,,S,true,https://raw.githubusercontent.com/ALXRITR/Korte-Hoffmann/main/Logo/KH Architekten + Ingenieure/Architekten+Ingenieure_S_Right_White.svg,"KORTE HOFFMANN A+I Logo, Größe S, Rechts",https://raw.githubusercontent.com/ALXRITR/Korte-Hoffmann/main/Logo/KH Architekten + Ingenieure/Architekten+Ingenieure_S_Right_White.svg,https://raw.githubusercontent.com/ALXRITR/Korte-Hoffmann/main/Logo/KH Architekten + Ingenieure/Architekten+Ingenieure_S_Right_White.pdf,https://raw.githubusercontent.com/ALXRITR/Korte-Hoffmann/main/Logo/KH Architekten + Ingenieure/Architekten+Ingenieure_S_Right_White.png,https://raw.githubusercontent.com/ALXRITR/Korte-Hoffmann/main/Logo/KH Architekten + Ingenieure/Architekten+Ingenieure_S_Right_Color (Dark).jpg
korte-hoffmann-ai-s-r-no-r,false,KORTE HOFFMANN,A+I,R,,S,false,https://raw.githubusercontent.com/ALXRITR/Korte-Hoffmann/main/Logo/KH Architekten + Ingenieure/Architekten+Ingenieure_S_Right_White_No-(R).svg,"KORTE HOFFMANN A+I Logo, Größe S, Rechts, ohne ®-Symbol",https://raw.githubusercontent.com/ALXRITR/Korte-Hoffmann/main/Logo/KH Architekten + Ingenieure/Architekten+Ingenieure_S_Right_White_No-(R).svg,https://raw.githubusercontent.com/ALXRITR/Korte-Hoffmann/main/Logo/KH Architekten + Ingenieure/Architekten+Ingenieure_S_Right_White_No-(R).pdf,https://raw.githubusercontent.com/ALXRITR/Korte-Hoffmann/main/Logo/KH Architekten + Ingenieure/Architekten+Ingenieure_S_Right_White_No-(R).png,https://raw.githubusercontent.com/ALXRITR/Korte-Hoffmann/main/Logo/KH Architekten + Ingenieure/Architekten+Ingenieure_S_Right_Color (Dark)_No-(R).jpg
korte-hoffmann-g-l-c,false,KORTE HOFFMANN,G,C,,L,true,https://raw.githubusercontent.com/ALXRITR/Korte-Hoffmann/main/Logo/KH Gebäudedruck/Gebäudedruck_L_Center_White.svg,"KORTE HOFFMANN G Logo, Größe L, Zentriert",https://raw.githubusercontent.com/ALXRITR/Korte-Hoffmann/main/Logo/KH Gebäudedruck/Gebäudedruck_L_Center_White.svg,https://raw.githubusercontent.com/ALXRITR/Korte-Hoffmann/main/Logo/KH Gebäudedruck/Gebäudedruck_L_Center_White.pdf,https://raw.githubusercontent.com/ALXRITR/Korte-Hoffmann/main/Logo/KH Gebäudedruck/Gebäudedruck_L_Center_White.png,https://raw.githubusercontent.com/ALXRITR/Korte-Hoffmann/main/Logo/KH Gebäudedruck/Gebäudedruck_L_Center_Color (Dark).jpg
korte-hoffmann-g-l-c-no-r,false,KORTE HOFFMANN,G,C,,L,false,https://raw.githubusercontent.com/ALXRITR/Korte-Hoffmann/main/Logo/KH Gebäudedruck/Gebäudedruck_L_Center_White_No-(R).svg,"KORTE HOFFMANN G Logo, Größe L, Zentriert, ohne ®-Symbol",https://raw.githubusercontent.com/ALXRITR/Korte-Hoffmann/main/Logo/KH Gebäudedruck/Gebäudedruck_L_Center_White_No-(R).svg,https://raw.githubusercontent.com/ALXRITR/Korte-Hoffmann/main/Logo/KH Gebäudedruck/Gebäudedruck_L_Center_White_No-(R).pdf,https://raw.githubusercontent.com/ALXRITR/Korte-Hoffmann/main/Logo/KH Gebäudedruck/Gebäudedruck_L_Center_White_No-(R).png,https://raw.githubusercontent.com/ALXRITR/Korte-Hoffmann/main/Logo/KH Gebäudedruck/Gebäudedruck_L_Center_Color (Dark)_No-(R).jpg
korte-hoffmann-g-l-l,false,KORTE HOFFMANN,G,L,,L,true,https://raw.githubusercontent.com/ALXRITR/Korte-Hoffmann/main/Logo/KH Gebäudedruck/Gebäudedruck_L_Left_White.svg,"KORTE HOFFMANN G Logo, Größe L, Links",https://raw.githubusercontent.com/ALXRITR/Korte-Hoffmann/main/Logo/KH Gebäudedruck/Gebäudedruck_L_Left_White.svg,https://raw.githubusercontent.com/ALXRITR/Korte-Hoffmann/main/Logo/KH Gebäudedruck/Gebäudedruck_L_Left_White.pdf,https://raw.githubusercontent.com/ALXRITR/Korte-Hoffmann/main/Logo/KH Gebäudedruck/Gebäudedruck_L_Left_White.png,https://raw.githubusercontent.com/ALXRITR/Korte-Hoffmann/main/Logo/KH Gebäudedruck/Gebäudedruck_L_Left_Color (Dark).jpg
korte-hoffmann-g-l-l-no-r,false,KORTE HOFFMANN,G,L,,L,false,https://raw.githubusercontent.com/ALXRITR/Korte-Hoffmann/main/Logo/KH Gebäudedruck/Gebäudedruck_L_Left_White_No-(R).svg,"KORTE HOFFMANN G Logo, Größe L, Links, ohne ®-Symbol",https://raw.githubusercontent.com/ALXRITR/Korte-Hoffmann/main/Logo/KH Gebäudedruck/Gebäudedruck_L_Left_White_No-(R).svg,https://raw.githubusercontent.com/ALXRITR/Korte-Hoffmann/main/Logo/KH Gebäudedruck/Gebäudedruck_L_Left_White_No-(R).pdf,https://raw.githubusercontent.com/ALXRITR/Korte-Hoffmann/main/Logo/KH Gebäudedruck/Gebäudedruck_L_Left_White_No-(R).png,https://raw.githubusercontent.com/ALXRITR/Korte-Hoffmann/main/Logo/KH Gebäudedruck/Gebäudedruck_L_Left_Color (Dark)_No-(R).jpg
korte-hoffmann-g-l-r,false,KORTE HOFFMANN,G,R,,L,true,https://raw.githubusercontent.com/ALXRITR/Korte-Hoffmann/main/Logo/KH Gebäudedruck/Gebäudedruck_L_Right_White.svg,"KORTE HOFFMANN G Logo, Größe L, Rechts",https://raw.githubusercontent.com/ALXRITR/Korte-Hoffmann/main/Logo/KH Gebäudedruck/Gebäudedruck_L_Right_White.svg,https://raw.githubusercontent.com/ALXRITR/Korte-Hoffmann/main/Logo/KH Gebäudedruck/Gebäudedruck_L_Right_White.pdf,https://raw.githubusercontent.com/ALXRITR/Korte-Hoffmann/main/Logo/KH Gebäudedruck/Gebäudedruck_L_Right_White.png,https://raw.githubusercontent.com/ALXRITR/Korte-Hoffmann/main/Logo/KH Gebäudedruck/Gebäudedruck_L_Right_Color (Dark).jpg
korte-hoffmann-g-l-r-no-r,false,KORTE HOFFMANN,G,R,,L,false,https://raw.githubusercontent.com/ALXRITR/Korte-Hoffmann/main/Logo/KH Gebäudedruck/Gebäudedruck_L_Right_White_No-(R).svg,"KORTE HOFFMANN G Logo, Größe L, Rechts, ohne ®-Symbol",https://raw.githubusercontent.com/ALXRITR/Korte-Hoffmann/main/Logo/KH Gebäudedruck/Gebäudedruck_L_Right_White_No-(R).svg,https://raw.githubusercontent.com/ALXRITR/Korte-Hoffmann/main/Logo/KH Gebäudedruck/Gebäudedruck_L_Right_White_No-(R).pdf,https://raw.githubusercontent.com/ALXRITR/Korte-Hoffmann/main/Logo/KH Gebäudedruck/Gebäudedruck_L_Right_White_No-(R).png,https://raw.githubusercontent.com/ALXRITR/Korte-Hoffmann/main/Logo/KH Gebäudedruck/Gebäudedruck_L_Right_Color (Dark)_No-(R).jpg
korte-hoffmann-g-m-c,false,KORTE HOFFMANN,G,C,,M,true,https://raw.githubusercontent.com/ALXRITR/Korte-Hoffmann/main/Logo/KH Gebäudedruck/Gebäudedruck_M_Center_White.svg,"KORTE HOFFMANN G Logo, Größe M, Zentriert",https://raw.githubusercontent.com/ALXRITR/Korte-Hoffmann/main/Logo/KH Gebäudedruck/Gebäudedruck_M_Center_White.svg,https://raw.githubusercontent.com/ALXRITR/Korte-Hoffmann/main/Logo/KH Gebäudedruck/Gebäudedruck_M_Center_White.pdf,https://raw.githubusercontent.com/ALXRITR/Korte-Hoffmann/main/Logo/KH Gebäudedruck/Gebäudedruck_M_Center_White.png,https://raw.githubusercontent.com/ALXRITR/Korte-Hoffmann/main/Logo/KH Gebäudedruck/Gebäudedruck_M_Center_Color (Dark).jpg
korte-hoffmann-g-m-c-no-r,false,KORTE HOFFMANN,G,C,,M,false,https://raw.githubusercontent.com/ALXRITR/Korte-Hoffmann/main/Logo/KH Gebäudedruck/Gebäudedruck_M_Center_White_No-(R).svg,"KORTE HOFFMANN G Logo, Größe M, Zentriert, ohne ®-Symbol",https://raw.githubusercontent.com/ALXRITR/Korte-Hoffmann/main/Logo/KH Gebäudedruck/Gebäudedruck_M_Center_White_No-(R).svg,https://raw.githubusercontent.com/ALXRITR/Korte-Hoffmann/main/Logo/KH Gebäudedruck/Gebäudedruck_M_Center_White_No-(R).pdf,https://raw.githubusercontent.com/ALXRITR/Korte-Hoffmann/main/Logo/KH Gebäudedruck/Gebäudedruck_M_Center_White_No-(R).png,https://raw.githubusercontent.com/ALXRITR/Korte-Hoffmann/main/Logo/KH Gebäudedruck/Gebäudedruck_M_Center_Color (Dark)_No-(R).jpg
korte-hoffmann-g-m-l,false,KORTE HOFFMANN,G,L,,M,true,https://raw.githubusercontent.com/ALXRITR/Korte-Hoffmann/main/Logo/KH Gebäudedruck/Gebäudedruck_M_Left_White.svg,"KORTE HOFFMANN G Logo, Größe M, Links",https://raw.githubusercontent.com/ALXRITR/Korte-Hoffmann/main/Logo/KH Gebäudedruck/Gebäudedruck_M_Left_White.svg,https://raw.githubusercontent.com/ALXRITR/Korte-Hoffmann/main/Logo/KH Gebäudedruck/Gebäudedruck_M_Left_White.pdf,https://raw.githubusercontent.com/ALXRITR/Korte-Hoffmann/main/Logo/KH Gebäudedruck/Gebäudedruck_M_Left_White.png,https://raw.githubusercontent.com/ALXRITR/Korte-Hoffmann/main/Logo/KH Gebäudedruck/Gebäudedruck_M_Left_Color (Dark).jpg
korte-hoffmann-g-m-l-no-r,false,KORTE HOFFMANN,G,L,,M,false,https://raw.githubusercontent.com/ALXRITR/Korte-Hoffmann/main/Logo/KH Gebäudedruck/Gebäudedruck_M_Left_White_No-(R).svg,"KORTE HOFFMANN G Logo, Größe M, Links, ohne ®-Symbol",https://raw.githubusercontent.com/ALXRITR/Korte-Hoffmann/main/Logo/KH Gebäudedruck/Gebäudedruck_M_Left_White_No-(R).svg,https://raw.githubusercontent.com/ALXRITR/Korte-Hoffmann/main/Logo/KH Gebäudedruck/Gebäudedruck_M_Left_White_No-(R).pdf,https://raw.githubusercontent.com/ALXRITR/Korte-Hoffmann/main/Logo/KH Gebäudedruck/Gebäudedruck_M_Left_White_No-(R).png,https://raw.githubusercontent.com/ALXRITR/Korte-Hoffmann/main/Logo/KH Gebäudedruck/Gebäudedruck_M_Left_Color (Dark)_No-(R).jpg
korte-hoffmann-g-m-r,false,KORTE HOFFMANN,G,R,,M,true,https://raw.githubusercontent.com/ALXRITR/Korte-Hoffmann/main/Logo/KH Gebäudedruck/Gebäudedruck_M_Right_White.svg,"KORTE HOFFMANN G Logo, Größe M, Rechts",https://raw.githubusercontent.com/ALXRITR/Korte-Hoffmann/main/Logo/KH Gebäudedruck/Gebäudedruck_M_Right_White.svg,https://raw.githubusercontent.com/ALXRITR/Korte-Hoffmann/main/Logo/KH Gebäudedruck/Gebäudedruck_M_Right_White.pdf,https://raw.githubusercontent.com/ALXRITR/Korte-Hoffmann/main/Logo/KH Gebäudedruck/Gebäudedruck_M_Right_White.png,https://raw.githubusercontent.com/ALXRITR/Korte-Hoffmann/main/Logo/KH Gebäudedruck/Gebäudedruck_M_Right_Color (Dark).jpg
korte-hoffmann-g-m-r-no-r,false,KORTE HOFFMANN,G,R,,M,false,https://raw.githubusercontent.com/ALXRITR/Korte-Hoffmann/main/Logo/KH Gebäudedruck/Gebäudedruck_M_Right_White_No-(R).svg,"KORTE HOFFMANN G Logo, Größe M, Rechts, ohne ®-Symbol",https://raw.githubusercontent.com/ALXRITR/Korte-Hoffmann/main/Logo/KH Gebäudedruck/Gebäudedruck_M_Right_White_No-(R).svg,https://raw.githubusercontent.com/ALXRITR/Korte-Hoffmann/main/Logo/KH Gebäudedruck/Gebäudedruck_M_Right_White_No-(R).pdf,https://raw.githubusercontent.com/ALXRITR/Korte-Hoffmann/main/Logo/KH Gebäudedruck/Gebäudedruck_M_Right_White_No-(R).png,https://raw.githubusercontent.com/ALXRITR/Korte-Hoffmann/main/Logo/KH Gebäudedruck/Gebäudedruck_M_Right_Color (Dark)_No-(R).jpg
korte-hoffmann-g-s-c,false,KORTE HOFFMANN,G,C,,S,true,https://raw.githubusercontent.com/ALXRITR/Korte-Hoffmann/main/Logo/KH Gebäudedruck/Gebäudedruck_S_Center_White.svg,"KORTE HOFFMANN G Logo, Größe S, Zentriert",https://raw.githubusercontent.com/ALXRITR/Korte-Hoffmann/main/Logo/KH Gebäudedruck/Gebäudedruck_S_Center_White.svg,https://raw.githubusercontent.com/ALXRITR/Korte-Hoffmann/main/Logo/KH Gebäudedruck/Gebäudedruck_S_Center_White.pdf,https://raw.githubusercontent.com/ALXRITR/Korte-Hoffmann/main/Logo/KH Gebäudedruck/Gebäudedruck_S_Center_White.png,https://raw.githubusercontent.com/ALXRITR/Korte-Hoffmann/main/Logo/KH Gebäudedruck/Gebäudedruck_S_Center_Color (Dark).jpg
korte-hoffmann-g-s-c-no-r,false,KORTE HOFFMANN,G,C,,S,false,https://raw.githubusercontent.com/ALXRITR/Korte-Hoffmann/main/Logo/KH Gebäudedruck/Gebäudedruck_S_Center_White_No-(R).svg,"KORTE HOFFMANN G Logo, Größe S, Zentriert, ohne ®-Symbol",https://raw.githubusercontent.com/ALXRITR/Korte-Hoffmann/main/Logo/KH Gebäudedruck/Gebäudedruck_S_Center_White_No-(R).svg,https://raw.githubusercontent.com/ALXRITR/Korte-Hoffmann/main/Logo/KH Gebäudedruck/Gebäudedruck_S_Center_White_No-(R).pdf,https://raw.githubusercontent.com/ALXRITR/Korte-Hoffmann/main/Logo/KH Gebäudedruck/Gebäudedruck_S_Center_White_No-(R).png,https://raw.githubusercontent.com/ALXRITR/Korte-Hoffmann/main/Logo/KH Gebäudedruck/Gebäudedruck_S_Center_Color (Dark)_No-(R).jpg
korte-hoffmann-g-s-l,false,KORTE HOFFMANN,G,L,,S,true,https://raw.githubusercontent.com/ALXRITR/Korte-Hoffmann/main/Logo/KH Gebäudedruck/Gebäudedruck_S_Left_White.svg,"KORTE HOFFMANN G Logo, Größe S, Links",https://raw.githubusercontent.com/ALXRITR/Korte-Hoffmann/main/Logo/KH Gebäudedruck/Gebäudedruck_S_Left_White.svg,https://raw.githubusercontent.com/ALXRITR/Korte-Hoffmann/main/Logo/KH Gebäudedruck/Gebäudedruck_S_Left_White.pdf,https://raw.githubusercontent.com/ALXRITR/Korte-Hoffmann/main/Logo/KH Gebäudedruck/Gebäudedruck_S_Left_White.png,https://raw.githubusercontent.com/ALXRITR/Korte-Hoffmann/main/Logo/KH Gebäudedruck/Gebäudedruck_S_Left_Color (Dark).jpg
korte-hoffmann-g-s-l-no-r,false,KORTE HOFFMANN,G,L,,S,false,https://raw.githubusercontent.com/ALXRITR/Korte-Hoffmann/main/Logo/KH Gebäudedruck/Gebäudedruck_S_Left_White_No-(R).svg,"KORTE HOFFMANN G Logo, Größe S, Links, ohne ®-Symbol",https://raw.githubusercontent.com/ALXRITR/Korte-Hoffmann/main/Logo/KH Gebäudedruck/Gebäudedruck_S_Left_White_No-(R).svg,https://raw.githubusercontent.com/ALXRITR/Korte-Hoffmann/main/Logo/KH Gebäudedruck/Gebäudedruck_S_Left_White_No-(R).pdf,https://raw.githubusercontent.com/ALXRITR/Korte-Hoffmann/main/Logo/KH Gebäudedruck/Gebäudedruck_S_Left_White_No-(R).png,https://raw.githubusercontent.com/ALXRITR/Korte-Hoffmann/main/Logo/KH Gebäudedruck/Gebäudedruck_S_Left_Color (Dark)_No-(R).jpg
korte-hoffmann-g-s-r,false,KORTE HOFFMANN,G,R,,S,true,https://raw.githubusercontent.com/ALXRITR/Korte-Hoffmann/main/Logo/KH Gebäudedruck/Gebäudedruck_S_Right_White.svg,"KORTE HOFFMANN G Logo, Größe S, Rechts",https://raw.githubusercontent.com/ALXRITR/Korte-Hoffmann/main/Logo/KH Gebäudedruck/Gebäudedruck_S_Right_White.svg,https://raw.githubusercontent.com/ALXRITR/Korte-Hoffmann/main/Logo/KH Gebäudedruck/Gebäudedruck_S_Right_White.pdf,https://raw.githubusercontent.com/ALXRITR/Korte-Hoffmann/main/Logo/KH Gebäudedruck/Gebäudedruck_S_Right_White.png,https://raw.githubusercontent.com/ALXRITR/Korte-Hoffmann/main/Logo/KH Gebäudedruck/Gebäudedruck_S_Right_Color (Dark).jpg
korte-hoffmann-g-s-r-no-r,false,KORTE HOFFMANN,G,R,,S,false,https://raw.githubusercontent.com/ALXRITR/Korte-Hoffmann/main/Logo/KH Gebäudedruck/Gebäudedruck_S_Right_White_No-(R).svg,"KORTE HOFFMANN G Logo, Größe S, Rechts, ohne ®-Symbol",https://raw.githubusercontent.com/ALXRITR/Korte-Hoffmann/main/Logo/KH Gebäudedruck/Gebäudedruck_S_Right_White_No-(R).svg,https://raw.githubusercontent.com/ALXRITR/Korte-Hoffmann/main/Logo/KH Gebäudedruck/Gebäudedruck_S_Right_White_No-(R).pdf,https://raw.githubusercontent.com/ALXRITR/Korte-Hoffmann/main/Logo/KH Gebäudedruck/Gebäudedruck_S_Right_White_No-(R).png,https://raw.githubusercontent.com/ALXRITR/Korte-Hoffmann/main/Logo/KH Gebäudedruck/Gebäudedruck_S_Right_Color (Dark)_No-(R).jpg
korte-hoffmann-gr-l-c,false,KORTE HOFFMANN,GR,C,,L,true,https://raw.githubusercontent.com/ALXRITR/Korte-Hoffmann/main/Logo/KH%20GRUPPE/Gruppe_L_Center_White.svg,"KORTE HOFFMANN GR Logo, Größe L, Zentriert",https://raw.githubusercontent.com/ALXRITR/Korte-Hoffmann/main/Logo/KH%20GRUPPE/Gruppe_L_Center_White.svg,https://raw.githubusercontent.com/ALXRITR/Korte-Hoffmann/main/Logo/KH%20GRUPPE/Gruppe_L_Center_White.pdf,https://raw.githubusercontent.com/ALXRITR/Korte-Hoffmann/main/Logo/KH%20GRUPPE/Gruppe_L_Center_White.png,https://raw.githubusercontent.com/ALXRITR/Korte-Hoffmann/main/Logo/KH%20GRUPPE/Gruppe_L_Center_Black.jpg
korte-hoffmann-gr-l-c-no-r,false,KORTE HOFFMANN,GR,C,,L,false,https://raw.githubusercontent.com/ALXRITR/Korte-Hoffmann/main/Logo/KH%20GRUPPE/Gruppe_L_Center_White_No-(R).svg,"KORTE HOFFMANN GR Logo, Größe L, Zentriert, ohne ®-Symbol",https://raw.githubusercontent.com/ALXRITR/Korte-Hoffmann/main/Logo/KH%20GRUPPE/Gruppe_L_Center_White_No-(R).svg,https://raw.githubusercontent.com/ALXRITR/Korte-Hoffmann/main/Logo/KH%20GRUPPE/Gruppe_L_Center_White_No-(R).pdf,https://raw.githubusercontent.com/ALXRITR/Korte-Hoffmann/main/Logo/KH%20GRUPPE/Gruppe_L_Center_White_No-(R).png,https://raw.githubusercontent.com/ALXRITR/Korte-Hoffmann/main/Logo/KH%20GRUPPE/Gruppe_L_Center_Black_No-(R).jpg
korte-hoffmann-gr-l-l,false,KORTE HOFFMANN,GR,L,,L,true,https://raw.githubusercontent.com/ALXRITR/Korte-Hoffmann/main/Logo/KH%20GRUPPE/Gruppe_L_Left_White.svg,"KORTE HOFFMANN GR Logo, Größe L, Links",https://raw.githubusercontent.com/ALXRITR/Korte-Hoffmann/main/Logo/KH%20GRUPPE/Gruppe_L_Left_White.svg,https://raw.githubusercontent.com/ALXRITR/Korte-Hoffmann/main/Logo/KH%20GRUPPE/Gruppe_L_Left_White.pdf,https://raw.githubusercontent.com/ALXRITR/Korte-Hoffmann/main/Logo/KH%20GRUPPE/Gruppe_L_Left_White.png,https://raw.githubusercontent.com/ALXRITR/Korte-Hoffmann/main/Logo/KH%20GRUPPE/Gruppe_L_Left_Black.jpg
korte-hoffmann-gr-l-l-no-r,false,KORTE HOFFMANN,GR,L,,L,false,https://raw.githubusercontent.com/ALXRITR/Korte-Hoffmann/main/Logo/KH%20GRUPPE/Gruppe_L_Left_White_No-(R).svg,"KORTE HOFFMANN GR Logo, Größe L, Links, ohne ®-Symbol",https://raw.githubusercontent.com/ALXRITR/Korte-Hoffmann/main/Logo/KH%20GRUPPE/Gruppe_L_Left_White_No-(R).svg,https://raw.githubusercontent.com/ALXRITR/Korte-Hoffmann/main/Logo/KH%20GRUPPE/Gruppe_L_Left_White_No-(R).pdf,https://raw.githubusercontent.com/ALXRITR/Korte-Hoffmann/main/Logo/KH%20GRUPPE/Gruppe_L_Left_White_No-(R).png,https://raw.githubusercontent.com/ALXRITR/Korte-Hoffmann/main/Logo/KH%20GRUPPE/Gruppe_L_Left_Black_No-(R).jpg
korte-hoffmann-gr-l-r,false,KORTE HOFFMANN,GR,R,,L,true,https://raw.githubusercontent.com/ALXRITR/Korte-Hoffmann/main/Logo/KH%20GRUPPE/Gruppe_L_Right_White.svg,"KORTE HOFFMANN GR Logo, Größe L, Rechts",https://raw.githubusercontent.com/ALXRITR/Korte-Hoffmann/main/Logo/KH%20GRUPPE/Gruppe_L_Right_White.svg,https://raw.githubusercontent.com/ALXRITR/Korte-Hoffmann/main/Logo/KH%20GRUPPE/Gruppe_L_Right_White.pdf,https://raw.githubusercontent.com/ALXRITR/Korte-Hoffmann/main/Logo/KH%20GRUPPE/Gruppe_L_Right_White.png,https://raw.githubusercontent.com/ALXRITR/Korte-Hoffmann/main/Logo/KH%20GRUPPE/Gruppe_L_Right_Black.jpg
korte-hoffmann-gr-l-r-no-r,false,KORTE HOFFMANN,GR,R,,L,false,https://raw.githubusercontent.com/ALXRITR/Korte-Hoffmann/main/Logo/KH%20GRUPPE/Gruppe_L_Right_White_No-(R).svg,"KORTE HOFFMANN GR Logo, Größe L, Rechts, ohne ®-Symbol",https://raw.githubusercontent.com/ALXRITR/Korte-Hoffmann/main/Logo/KH%20GRUPPE/Gruppe_L_Right_White_No-(R).svg,https://raw.githubusercontent.com/ALXRITR/Korte-Hoffmann/main/Logo/KH%20GRUPPE/Gruppe_L_Right_White_No-(R).pdf,https://raw.githubusercontent.com/ALXRITR/Korte-Hoffmann/main/Logo/KH%20GRUPPE/Gruppe_L_Right_White_No-(R).png,https://raw.githubusercontent.com/ALXRITR/Korte-Hoffmann/main/Logo/KH%20GRUPPE/Gruppe_L_Right_Black_No-(R).jpg
korte-hoffmann-gr-m-c,false,KORTE HOFFMANN,GR,C,,M,true,https://raw.githubusercontent.com/ALXRITR/Korte-Hoffmann/main/Logo/KH%20GRUPPE/Gruppe_M_Center_White.svg,"KORTE HOFFMANN GR Logo, Größe M, Zentriert",https://raw.githubusercontent.com/ALXRITR/Korte-Hoffmann/main/Logo/KH%20GRUPPE/Gruppe_M_Center_White.svg,https://raw.githubusercontent.com/ALXRITR/Korte-Hoffmann/main/Logo/KH%20GRUPPE/Gruppe_M_Center_White.pdf,https://raw.githubusercontent.com/ALXRITR/Korte-Hoffmann/main/Logo/KH%20GRUPPE/Gruppe_M_Center_White.png,https://raw.githubusercontent.com/ALXRITR/Korte-Hoffmann/main/Logo/KH%20GRUPPE/Gruppe_M_Center_Black.jpg
korte-hoffmann-gr-m-c-no-r,false,KORTE HOFFMANN,GR,C,,M,false,https://raw.githubusercontent.com/ALXRITR/Korte-Hoffmann/main/Logo/KH%20GRUPPE/Gruppe_M_Center_White_No-(R).svg,"KORTE HOFFMANN GR Logo, Größe M, Zentriert, ohne ®-Symbol",https://raw.githubusercontent.com/ALXRITR/Korte-Hoffmann/main/Logo/KH%20GRUPPE/Gruppe_M_Center_White_No-(R).svg,https://raw.githubusercontent.com/ALXRITR/Korte-Hoffmann/main/Logo/KH%20GRUPPE/Gruppe_M_Center_White_No-(R).pdf,https://raw.githubusercontent.com/ALXRITR/Korte-Hoffmann/main/Logo/KH%20GRUPPE/Gruppe_M_Center_White_No-(R).png,https://raw.githubusercontent.com/ALXRITR/Korte-Hoffmann/main/Logo/KH%20GRUPPE/Gruppe_M_Center_Black_No-(R).jpg
korte-hoffmann-gr-m-l,false,KORTE HOFFMANN,GR,L,,M,true,https://raw.githubusercontent.com/ALXRITR/Korte-Hoffmann/main/Logo/KH%20GRUPPE/Gruppe_M_Left_White.svg,"KORTE HOFFMANN GR Logo, Größe M, Links",https://raw.githubusercontent.com/ALXRITR/Korte-Hoffmann/main/Logo/KH%20GRUPPE/Gruppe_M_Left_White.svg,https://raw.githubusercontent.com/ALXRITR/Korte-Hoffmann/main/Logo/KH%20GRUPPE/Gruppe_M_Left_White.pdf,https://raw.githubusercontent.com/ALXRITR/Korte-Hoffmann/main/Logo/KH%20GRUPPE/Gruppe_M_Left_White.png,https://raw.githubusercontent.com/ALXRITR/Korte-Hoffmann/main/Logo/KH%20GRUPPE/Gruppe_M_Left_Black.jpg
korte-hoffmann-gr-m-l-no-r,false,KORTE HOFFMANN,GR,L,,M,false,https://raw.githubusercontent.com/ALXRITR/Korte-Hoffmann/main/Logo/KH%20GRUPPE/Gruppe_M_Left_White_No-(R).svg,"KORTE HOFFMANN GR Logo, Größe M, Links, ohne ®-Symbol",https://raw.githubusercontent.com/ALXRITR/Korte-Hoffmann/main/Logo/KH%20GRUPPE/Gruppe_M_Left_White_No-(R).svg,https://raw.githubusercontent.com/ALXRITR/Korte-Hoffmann/main/Logo/KH%20GRUPPE/Gruppe_M_Left_White_No-(R).pdf,https://raw.githubusercontent.com/ALXRITR/Korte-Hoffmann/main/Logo/KH%20GRUPPE/Gruppe_M_Left_White_No-(R).png,https://raw.githubusercontent.com/ALXRITR/Korte-Hoffmann/main/Logo/KH%20GRUPPE/Gruppe_M_Left_Black_No-(R).jpg
korte-hoffmann-gr-m-r,false,KORTE HOFFMANN,GR,R,,M,true,https://raw.githubusercontent.com/ALXRITR/Korte-Hoffmann/main/Logo/KH%20GRUPPE/Gruppe_M_Right_White.svg,"KORTE HOFFMANN GR Logo, Größe M, Rechts",https://raw.githubusercontent.com/ALXRITR/Korte-Hoffmann/main/Logo/KH%20GRUPPE/Gruppe_M_Right_White.svg,https://raw.githubusercontent.com/ALXRITR/Korte-Hoffmann/main/Logo/KH%20GRUPPE/Gruppe_M_Right_White.pdf,https://raw.githubusercontent.com/ALXRITR/Korte-Hoffmann/main/Logo/KH%20GRUPPE/Gruppe_M_Right_White.png,https://raw.githubusercontent.com/ALXRITR/Korte-Hoffmann/main/Logo/KH%20GRUPPE/Gruppe_M_Right_Black.jpg
korte-hoffmann-gr-m-r-no-r,false,KORTE HOFFMANN,GR,R,,M,false,https://raw.githubusercontent.com/ALXRITR/Korte-Hoffmann/main/Logo/KH%20GRUPPE/Gruppe_M_Right_White_No-(R).svg,"KORTE HOFFMANN GR Logo, Größe M, Rechts, ohne ®-Symbol",https://raw.githubusercontent.com/ALXRITR/Korte-Hoffmann/main/Logo/KH%20GRUPPE/Gruppe_M_Right_White_No-(R).svg,https://raw.githubusercontent.com/ALXRITR/Korte-Hoffmann/main/Logo/KH%20GRUPPE/Gruppe_M_Right_White_No-(R).pdf,https://raw.githubusercontent.com/ALXRITR/Korte-Hoffmann/main/Logo/KH%20GRUPPE/Gruppe_M_Right_White_No-(R).png,https://raw.githubusercontent.com/ALXRITR/Korte-Hoffmann/main/Logo/KH%20GRUPPE/Gruppe_M_Right_Black_No-(R).jpg
korte-hoffmann-gr-s-c,false,KORTE HOFFMANN,GR,C,,S,true,https://raw.githubusercontent.com/ALXRITR/Korte-Hoffmann/main/Logo/KH%20GRUPPE/Gruppe_S_Center_White.svg,"KORTE HOFFMANN GR Logo, Größe S, Zentriert",https://raw.githubusercontent.com/ALXRITR/Korte-Hoffmann/main/Logo/KH%20GRUPPE/Gruppe_S_Center_White.svg,https://raw.githubusercontent.com/ALXRITR/Korte-Hoffmann/main/Logo/KH%20GRUPPE/Gruppe_S_Center_White.pdf,https://raw.githubusercontent.com/ALXRITR/Korte-Hoffmann/main/Logo/KH%20GRUPPE/Gruppe_S_Center_White.png,https://raw.githubusercontent.com/ALXRITR/Korte-Hoffmann/main/Logo/KH%20GRUPPE/Gruppe_S_Center_Black.jpg
korte-hoffmann-gr-s-c-no-r,false,KORTE HOFFMANN,GR,C,,S,false,https://raw.githubusercontent.com/ALXRITR/Korte-Hoffmann/main/Logo/KH%20GRUPPE/Gruppe_S_Center_White_No-(R).svg,"KORTE HOFFMANN GR Logo, Größe S, Zentriert, ohne ®-Symbol",https://raw.githubusercontent.com/ALXRITR/Korte-Hoffmann/main/Logo/KH%20GRUPPE/Gruppe_S_Center_White_No-(R).svg,https://raw.githubusercontent.com/ALXRITR/Korte-Hoffmann/main/Logo/KH%20GRUPPE/Gruppe_S_Center_White_No-(R).pdf,https://raw.githubusercontent.com/ALXRITR/Korte-Hoffmann/main/Logo/KH%20GRUPPE/Gruppe_S_Center_White_No-(R).png,https://raw.githubusercontent.com/ALXRITR/Korte-Hoffmann/main/Logo/KH%20GRUPPE/Gruppe_S_Center_Black_No-(R).jpg
korte-hoffmann-gr-s-l,false,KORTE HOFFMANN,GR,L,,S,true,https://raw.githubusercontent.com/ALXRITR/Korte-Hoffmann/main/Logo/KH%20GRUPPE/Gruppe_S_Left_White.svg,"KORTE HOFFMANN GR Logo, Größe S, Links",https://raw.githubusercontent.com/ALXRITR/Korte-Hoffmann/main/Logo/KH%20GRUPPE/Gruppe_S_Left_White.svg,https://raw.githubusercontent.com/ALXRITR/Korte-Hoffmann/main/Logo/KH%20GRUPPE/Gruppe_S_Left_White.pdf,https://raw.githubusercontent.com/ALXRITR/Korte-Hoffmann/main/Logo/KH%20GRUPPE/Gruppe_S_Left_White.png,https://raw.githubusercontent.com/ALXRITR/Korte-Hoffmann/main/Logo/KH%20GRUPPE/Gruppe_S_Left_Black.jpg
korte-hoffmann-gr-s-l-no-r,false,KORTE HOFFMANN,GR,L,,S,false,https://raw.githubusercontent.com/ALXRITR/Korte-Hoffmann/main/Logo/KH%20GRUPPE/Gruppe_S_Left_White_No-(R).svg,"KORTE HOFFMANN GR Logo, Größe S, Links, ohne ®-Symbol",https://raw.githubusercontent.com/ALXRITR/Korte-Hoffmann/main/Logo/KH%20GRUPPE/Gruppe_S_Left_White_No-(R).svg,https://raw.githubusercontent.com/ALXRITR/Korte-Hoffmann/main/Logo/KH%20GRUPPE/Gruppe_S_Left_White_No-(R).pdf,https://raw.githubusercontent.com/ALXRITR/Korte-Hoffmann/main/Logo/KH%20GRUPPE/Gruppe_S_Left_White_No-(R).png,https://raw.githubusercontent.com/ALXRITR/Korte-Hoffmann/main/Logo/KH%20GRUPPE/Gruppe_S_Left_Black_No-(R).jpg
korte-hoffmann-gr-s-r,false,KORTE HOFFMANN,GR,R,,S,true,https://raw.githubusercontent.com/ALXRITR/Korte-Hoffmann/main/Logo/KH%20GRUPPE/Gruppe_S_Right_White.svg,"KORTE HOFFMANN GR Logo, Größe S, Rechts",https://raw.githubusercontent.com/ALXRITR/Korte-Hoffmann/main/Logo/KH%20GRUPPE/Gruppe_S_Right_White.svg,https://raw.githubusercontent.com/ALXRITR/Korte-Hoffmann/main/Logo/KH%20GRUPPE/Gruppe_S_Right_White.pdf,https://raw.githubusercontent.com/ALXRITR/Korte-Hoffmann/main/Logo/KH%20GRUPPE/Gruppe_S_Right_White.png,https://raw.githubusercontent.com/ALXRITR/Korte-Hoffmann/main/Logo/KH%20GRUPPE/Gruppe_S_Right_Black.jpg
korte-hoffmann-gr-s-r-no-r,false,KORTE HOFFMANN,GR,R,,S,false,https://raw.githubusercontent.com/ALXRITR/Korte-Hoffmann/main/Logo/KH%20GRUPPE/Gruppe_S_Right_White_No-(R).svg,"KORTE HOFFMANN GR Logo, Größe S, Rechts, ohne ®-Symbol",https://raw.githubusercontent.com/ALXRITR/Korte-Hoffmann/main/Logo/KH%20GRUPPE/Gruppe_S_Right_White_No-(R).svg,https://raw.githubusercontent.com/ALXRITR/Korte-Hoffmann/main/Logo/KH%20GRUPPE/Gruppe_S_Right_White_No-(R).pdf,https://raw.githubusercontent.com/ALXRITR/Korte-Hoffmann/main/Logo/KH%20GRUPPE/Gruppe_S_Right_White_No-(R).png,https://raw.githubusercontent.com/ALXRITR/Korte-Hoffmann/main/Logo/KH%20GRUPPE/Gruppe_S_Right_Black_No-(R).jpg
korte-hoffmann-i-l-c,false,KORTE HOFFMANN,I,C,,L,true,,"KORTE HOFFMANN I Logo, Größe L, Zentriert",,https://raw.githubusercontent.com/ALXRITR/Korte-Hoffmann/main/Logo/KH%20Immobilien/Immobilien_L_Center_White.pdf,https://raw.githubusercontent.com/ALXRITR/Korte-Hoffmann/main/Logo/KH%20Immobilien/Immobilien_L_Center_White.png,https://raw.githubusercontent.com/ALXRITR/Korte-Hoffmann/main/Logo/KH%20Immobilien/Immobilien_L_Center_Color%20(Dark).jpg
korte-hoffmann-i-l-c-no-r,false,KORTE HOFFMANN,I,C,,L,false,,"KORTE HOFFMANN I Logo, Größe L, Zentriert, ohne ®-Symbol",,https://raw.githubusercontent.com/ALXRITR/Korte-Hoffmann/main/Logo/KH%20Immobilien/Immobilien_L_Center_White_No-(R).pdf,https://raw.githubusercontent.com/ALXRITR/Korte-Hoffmann/main/Logo/KH%20Immobilien/Immobilien_L_Center_White_No-(R).png,https://raw.githubusercontent.com/ALXRITR/Korte-Hoffmann/main/Logo/KH%20Immobilien/Immobilien_L_Center_Color%20(Dark)_No-(R).jpg
korte-hoffmann-i-l-l,false,KORTE HOFFMANN,I,L,,L,true,https://raw.githubusercontent.com/ALXRITR/Korte-Hoffmann/main/Logo/KH%20Immobilien/Immobilien_L_Left_White.svg,"KORTE HOFFMANN I Logo, Größe L, Links",https://raw.githubusercontent.com/ALXRITR/Korte-Hoffmann/main/Logo/KH%20Immobilien/Immobilien_L_Left_White.svg,https://raw.githubusercontent.com/ALXRITR/Korte-Hoffmann/main/Logo/KH%20Immobilien/Immobilien_L_Left_White.pdf,https://raw.githubusercontent.com/ALXRITR/Korte-Hoffmann/main/Logo/KH%20Immobilien/Immobilien_L_Left_White.png,https://raw.githubusercontent.com/ALXRITR/Korte-Hoffmann/main/Logo/KH%20Immobilien/Immobilien_L_Left_Color%20(Dark).jpg
korte-hoffmann-i-l-l-no-r,false,KORTE HOFFMANN,I,L,,L,false,https://raw.githubusercontent.com/ALXRITR/Korte-Hoffmann/main/Logo/KH%20Immobilien/Immobilien_L_Left_White_No-(R).svg,"KORTE HOFFMANN I Logo, Größe L, Links, ohne ®-Symbol",https://raw.githubusercontent.com/ALXRITR/Korte-Hoffmann/main/Logo/KH%20Immobilien/Immobilien_L_Left_White_No-(R).svg,https://raw.githubusercontent.com/ALXRITR/Korte-Hoffmann/main/Logo/KH%20Immobilien/Immobilien_L_Left_White_No-(R).pdf,https://raw.githubusercontent.com/ALXRITR/Korte-Hoffmann/main/Logo/KH%20Immobilien/Immobilien_L_Left_White_No-(R).png,https://raw.githubusercontent.com/ALXRITR/Korte-Hoffmann/main/Logo/KH%20Immobilien/Immobilien_L_Left_Color%20(Dark)_No-(R).jpg
korte-hoffmann-i-l-r,false,KORTE HOFFMANN,I,R,,L,true,https://raw.githubusercontent.com/ALXRITR/Korte-Hoffmann/main/Logo/KH%20Immobilien/Immobilien_L_Right_White.svg,"KORTE HOFFMANN I Logo, Größe L, Rechts",https://raw.githubusercontent.com/ALXRITR/Korte-Hoffmann/main/Logo/KH%20Immobilien/Immobilien_L_Right_White.svg,https://raw.githubusercontent.com/ALXRITR/Korte-Hoffmann/main/Logo/KH%20Immobilien/Immobilien_L_Right_White.pdf,https://raw.githubusercontent.com/ALXRITR/Korte-Hoffmann/main/Logo/KH%20Immobilien/Immobilien_L_Right_White.png,https://raw.githubusercontent.com/ALXRITR/Korte-Hoffmann/main/Logo/KH%20Immobilien/Immobilien_L_Right_Color%20(Dark).jpg
korte-hoffmann-i-l-r-no-r,false,KORTE HOFFMANN,I,R,,L,false,https://raw.githubusercontent.com/ALXRITR/Korte-Hoffmann/main/Logo/KH%20Immobilien/Immobilien_L_Right_White_No-(R).svg,"KORTE HOFFMANN I Logo, Größe L, Rechts, ohne ®-Symbol",https://raw.githubusercontent.com/ALXRITR/Korte-Hoffmann/main/Logo/KH%20Immobilien/Immobilien_L_Right_White_No-(R).svg,https://raw.githubusercontent.com/ALXRITR/Korte-Hoffmann/main/Logo/KH%20Immobilien/Immobilien_L_Right_White_No-(R).pdf,https://raw.githubusercontent.com/ALXRITR/Korte-Hoffmann/main/Logo/KH%20Immobilien/Immobilien_L_Right_White_No-(R).png,https://raw.githubusercontent.com/ALXRITR/Korte-Hoffmann/main/Logo/KH%20Immobilien/Immobilien_L_Right_Color%20(Dark)_No-(R).jpg
korte-hoffmann-i-m-c,false,KORTE HOFFMANN,I,C,,M,true,,"KORTE HOFFMANN I Logo, Größe M, Zentriert",,https://raw.githubusercontent.com/ALXRITR/Korte-Hoffmann/main/Logo/KH%20Immobilien/Immobilien_M_Center_White.pdf,https://raw.githubusercontent.com/ALXRITR/Korte-Hoffmann/main/Logo/KH%20Immobilien/Immobilien_M_Center_White.png,https://raw.githubusercontent.com/ALXRITR/Korte-Hoffmann/main/Logo/KH%20Immobilien/Immobilien_M_Center_Color%20(Dark).jpg
korte-hoffmann-i-m-c-no-r,false,KORTE HOFFMANN,I,C,,M,false,,"KORTE HOFFMANN I Logo, Größe M, Zentriert, ohne ®-Symbol",,https://raw.githubusercontent.com/ALXRITR/Korte-Hoffmann/main/Logo/KH%20Immobilien/Immobilien_M_Center_White_No-(R).pdf,https://raw.githubusercontent.com/ALXRITR/Korte-Hoffmann/main/Logo/KH%20Immobilien/Immobilien_M_Center_White_No-(R).png,https://raw.githubusercontent.com/ALXRITR/Korte-Hoffmann/main/Logo/KH%20Immobilien/Immobilien_M_Center_Color%20(Dark)_No-(R).jpg
korte-hoffmann-i-m-l,false,KORTE HOFFMANN,I,L,,M,true,https://raw.githubusercontent.com/ALXRITR/Korte-Hoffmann/main/Logo/KH%20Immobilien/Immobilien_M_Left_White.svg,"KORTE HOFFMANN I Logo, Größe M, Links",https://raw.githubusercontent.com/ALXRITR/Korte-Hoffmann/main/Logo/KH%20Immobilien/Immobilien_M_Left_White.svg,https://raw.githubusercontent.com/ALXRITR/Korte-Hoffmann/main/Logo/KH%20Immobilien/Immobilien_M_Left_White.pdf,https://raw.githubusercontent.com/ALXRITR/Korte-Hoffmann/main/Logo/KH%20Immobilien/Immobilien_M_Left_White.png,https://raw.githubusercontent.com/ALXRITR/Korte-Hoffmann/main/Logo/KH%20Immobilien/Immobilien_M_Left_Color%20(Dark).jpg
korte-hoffmann-i-m-l-no-r,false,KORTE HOFFMANN,I,L,,M,false,https://raw.githubusercontent.com/ALXRITR/Korte-Hoffmann/main/Logo/KH%20Immobilien/Immobilien_M_Left_White_No-(R).svg,"KORTE HOFFMANN I Logo, Größe M, Links, ohne ®-Symbol",https://raw.githubusercontent.com/ALXRITR/Korte-Hoffmann/main/Logo/KH%20Immobilien/Immobilien_M_Left_White_No-(R).svg,https://raw.githubusercontent.com/ALXRITR/Korte-Hoffmann/main/Logo/KH%20Immobilien/Immobilien_M_Left_White_No-(R).pdf,https://raw.githubusercontent.com/ALXRITR/Korte-Hoffmann/main/Logo/KH%20Immobilien/Immobilien_M_Left_White_No-(R).png,https://raw.githubusercontent.com/ALXRITR/Korte-Hoffmann/main/Logo/KH%20Immobilien/Immobilien_M_Left_Color%20(Dark)_No-(R).jpg
korte-hoffmann-i-m-r,false,KORTE HOFFMANN,I,R,,M,true,https://raw.githubusercontent.com/ALXRITR/Korte-Hoffmann/main/Logo/KH%20Immobilien/Immobilien_M_Right_White.svg,"KORTE HOFFMANN I Logo, Größe M, Rechts",https://raw.githubusercontent.com/ALXRITR/Korte-Hoffmann/main/Logo/KH%20Immobilien/Immobilien_M_Right_White.svg,https://raw.githubusercontent.com/ALXRITR/Korte-Hoffmann/main/Logo/KH%20Immobilien/Immobilien_M_Right_White.pdf,https://raw.githubusercontent.com/ALXRITR/Korte-Hoffmann/main/Logo/KH%20Immobilien/Immobilien_M_Right_White.png,https://raw.githubusercontent.com/ALXRITR/Korte-Hoffmann/main/Logo/KH%20Immobilien/Immobilien_M_Right_Color%20(Dark).jpg
korte-hoffmann-i-m-r-no-r,false,KORTE HOFFMANN,I,R,,M,false,https://raw.githubusercontent.com/ALXRITR/Korte-Hoffmann/main/Logo/KH%20Immobilien/Immobilien_M_Right_White_No-(R).svg,"KORTE HOFFMANN I Logo, Größe M, Rechts, ohne ®-Symbol",https://raw.githubusercontent.com/ALXRITR/Korte-Hoffmann/main/Logo/KH%20Immobilien/Immobilien_M_Right_White_No-(R).svg,https://raw.githubusercontent.com/ALXRITR/Korte-Hoffmann/main/Logo/KH%20Immobilien/Immobilien_M_Right_White_No-(R).pdf,https://raw.githubusercontent.com/ALXRITR/Korte-Hoffmann/main/Logo/KH%20Immobilien/Immobilien_M_Right_White_No-(R).png,https://raw.githubusercontent.com/ALXRITR/Korte-Hoffmann/main/Logo/KH%20Immobilien/Immobilien_M_Right_Color%20(Dark)_No-(R).jpg
korte-hoffmann-i-s-c,false,KORTE HOFFMANN,I,C,,S,true,,"KORTE HOFFMANN I Logo, Größe S, Zentriert",,https://raw.githubusercontent.com/ALXRITR/Korte-Hoffmann/main/Logo/KH%20Immobilien/Immobilien_S_Center_White.pdf,https://raw.githubusercontent.com/ALXRITR/Korte-Hoffmann/main/Logo/KH%20Immobilien/Immobilien_S_Center_White.png,https://raw.githubusercontent.com/ALXRITR/Korte-Hoffmann/main/Logo/KH%20Immobilien/Immobilien_S_Center_Color%20(Dark).jpg
korte-hoffmann-i-s-c-no-r,false,KORTE HOFFMANN,I,C,,S,false,,"KORTE HOFFMANN I Logo, Größe S, Zentriert, ohne ®-Symbol",,https://raw.githubusercontent.com/ALXRITR/Korte-Hoffmann/main/Logo/KH%20Immobilien/Immobilien_S_Center_White_No-(R).pdf,https://raw.githubusercontent.com/ALXRITR/Korte-Hoffmann/main/Logo/KH%20Immobilien/Immobilien_S_Center_White_No-(R).png,https://raw.githubusercontent.com/ALXRITR/Korte-Hoffmann/main/Logo/KH%20Immobilien/Immobilien_S_Center_Color%20(Dark)_No-(R).jpg
korte-hoffmann-i-s-l,false,KORTE HOFFMANN,I,L,,S,true,https://raw.githubusercontent.com/ALXRITR/Korte-Hoffmann/main/Logo/KH%20Immobilien/Immobilien_S_Left_White.svg,"KORTE HOFFMANN I Logo, Größe S, Links",https://raw.githubusercontent.com/ALXRITR/Korte-Hoffmann/main/Logo/KH%20Immobilien/Immobilien_S_Left_White.svg,https://raw.githubusercontent.com/ALXRITR/Korte-Hoffmann/main/Logo/KH%20Immobilien/Immobilien_S_Left_White.pdf,https://raw.githubusercontent.com/ALXRITR/Korte-Hoffmann/main/Logo/KH%20Immobilien/Immobilien_S_Left_White.png,https://raw.githubusercontent.com/ALXRITR/Korte-Hoffmann/main/Logo/KH%20Immobilien/Immobilien_S_Left_Color%20(Dark).jpg
korte-hoffmann-i-s-l-no-r,false,KORTE HOFFMANN,I,L,,S,false,https://raw.githubusercontent.com/ALXRITR/Korte-Hoffmann/main/Logo/KH%20Immobilien/Immobilien_S_Left_White_No-(R).svg,"KORTE HOFFMANN I Logo, Größe S, Links, ohne ®-Symbol",https://raw.githubusercontent.com/ALXRITR/Korte-Hoffmann/main/Logo/KH%20Immobilien/Immobilien_S_Left_White_No-(R).svg,https://raw.githubusercontent.com/ALXRITR/Korte-Hoffmann/main/Logo/KH%20Immobilien/Immobilien_S_Left_White_No-(R).pdf,https://raw.githubusercontent.com/ALXRITR/Korte-Hoffmann/main/Logo/KH%20Immobilien/Immobilien_S_Left_White_No-(R).png,https://raw.githubusercontent.com/ALXRITR/Korte-Hoffmann/main/Logo/KH%20Immobilien/Immobilien_S_Left_Color%20(Dark)_No-(R).jpg
korte-hoffmann-i-s-r,false,KORTE HOFFMANN,I,R,,S,true,https://raw.githubusercontent.com/ALXRITR/Korte-Hoffmann/main/Logo/KH%20Immobilien/Immobilien_S_Right_White.svg,"KORTE HOFFMANN I Logo, Größe S, Rechts",https://raw.githubusercontent.com/ALXRITR/Korte-Hoffmann/main/Logo/KH%20Immobilien/Immobilien_S_Right_White.svg,https://raw.githubusercontent.com/ALXRITR/Korte-Hoffmann/main/Logo/KH%20Immobilien/Immobilien_S_Right_White.pdf,https://raw.githubusercontent.com/ALXRITR/Korte-Hoffmann/main/Logo/KH%20Immobilien/Immobilien_S_Right_White.png,https://raw.githubusercontent.com/ALXRITR/Korte-Hoffmann/main/Logo/KH%20Immobilien/Immobilien_S_Right_Color%20(Dark).jpg
korte-hoffmann-i-s-r-no-r,false,KORTE HOFFMANN,I,R,,S,false,https://raw.githubusercontent.com/ALXRITR/Korte-Hoffmann/main/Logo/KH%20Immobilien/Immobilien_S_Right_White_No-(R).svg,"KORTE HOFFMANN I Logo, Größe S, Rechts, ohne ®-Symbol",https://raw.githubusercontent.com/ALXRITR/Korte-Hoffmann/main/Logo/KH%20Immobilien/Immobilien_S_Right_White_No-(R).svg,https://raw.githubusercontent.com/ALXRITR/Korte-Hoffmann/main/Logo/KH%20Immobilien/Immobilien_S_Right_White_No-(R).pdf,https://raw.githubusercontent.com/ALXRITR/Korte-Hoffmann/main/Logo/KH%20Immobilien/Immobilien_S_Right_White_No-(R).png,https://raw.githubusercontent.com/ALXRITR/Korte-Hoffmann/main/Logo/KH%20Immobilien/Immobilien_S_Right_Color%20(Dark)_No-(R).jpg
korte-hoffmann-no-division-l-no-lockup,false,KORTE HOFFMANN,no-division,no-lockup,,L,true,https://raw.githubusercontent.com/ALXRITR/Korte-Hoffmann/main/Logo/KORTE%20HOFFMANN/Korte-Hoffmann_L_White.svg,"KORTE HOFFMANN no-division Logo, Größe L",https://raw.githubusercontent.com/ALXRITR/Korte-Hoffmann/main/Logo/KORTE%20HOFFMANN/Korte-Hoffmann_L_White.svg,https://raw.githubusercontent.com/ALXRITR/Korte-Hoffmann/main/Logo/KORTE%20HOFFMANN/Korte-Hoffmann_L_White.pdf,https://raw.githubusercontent.com/ALXRITR/Korte-Hoffmann/main/Logo/KORTE%20HOFFMANN/Korte-Hoffmann_L_White.png,https://raw.githubusercontent.com/ALXRITR/Korte-Hoffmann/main/Logo/KORTE%20HOFFMANN/Korte-Hoffmann_L_Black.jpg
korte-hoffmann-no-division-l-no-lockup-no-r,false,KORTE HOFFMANN,no-division,no-lockup,,L,false,https://raw.githubusercontent.com/ALXRITR/Korte-Hoffmann/main/Logo/KORTE%20HOFFMANN/Korte-Hoffmann_L_White_No-(R).svg,"KORTE HOFFMANN no-division Logo, Größe L, ohne ®-Symbol",https://raw.githubusercontent.com/ALXRITR/Korte-Hoffmann/main/Logo/KORTE%20HOFFMANN/Korte-Hoffmann_L_White_No-(R).svg,https://raw.githubusercontent.com/ALXRITR/Korte-Hoffmann/main/Logo/KORTE%20HOFFMANN/Korte-Hoffmann_L_White_No-(R).pdf,https://raw.githubusercontent.com/ALXRITR/Korte-Hoffmann/main/Logo/KORTE%20HOFFMANN/Korte-Hoffmann_L_White_No-(R).png,https://raw.githubusercontent.com/ALXRITR/Korte-Hoffmann/main/Logo/KORTE%20HOFFMANN/Korte-Hoffmann_L_Black_No-(R).jpg
korte-hoffmann-no-division-m-no-lockup,false,KORTE HOFFMANN,no-division,no-lockup,,M,true,https://raw.githubusercontent.com/ALXRITR/Korte-Hoffmann/main/Logo/KORTE%20HOFFMANN/Korte-Hoffmann_M_White.svg,"KORTE HOFFMANN no-division Logo, Größe M",https://raw.githubusercontent.com/ALXRITR/Korte-Hoffmann/main/Logo/KORTE%20HOFFMANN/Korte-Hoffmann_M_White.svg,https://raw.githubusercontent.com/ALXRITR/Korte-Hoffmann/main/Logo/KORTE%20HOFFMANN/Korte-Hoffmann_M_White.pdf,https://raw.githubusercontent.com/ALXRITR/Korte-Hoffmann/main/Logo/KORTE%20HOFFMANN/Korte-Hoffmann_M_White.png,https://raw.githubusercontent.com/ALXRITR/Korte-Hoffmann/main/Logo/KORTE%20HOFFMANN/Korte-Hoffmann_M_Black.jpg
korte-hoffmann-no-division-m-no-lockup-no-r,false,KORTE HOFFMANN,no-division,no-lockup,,M,false,https://raw.githubusercontent.com/ALXRITR/Korte-Hoffmann/main/Logo/KORTE%20HOFFMANN/Korte-Hoffmann_M_White_No-(R).svg,"KORTE HOFFMANN no-division Logo, Größe M, ohne ®-Symbol",https://raw.githubusercontent.com/ALXRITR/Korte-Hoffmann/main/Logo/KORTE%20HOFFMANN/Korte-Hoffmann_M_White_No-(R).svg,https://raw.githubusercontent.com/ALXRITR/Korte-Hoffmann/main/Logo/KORTE%20HOFFMANN/Korte-Hoffmann_M_White_No-(R).pdf,https://raw.githubusercontent.com/ALXRITR/Korte-Hoffmann/main/Logo/KORTE%20HOFFMANN/Korte-Hoffmann_M_White_No-(R).png,https://raw.githubusercontent.com/ALXRITR/Korte-Hoffmann/main/Logo/KORTE%20HOFFMANN/Korte-Hoffmann_M_Black_No-(R).jpg
korte-hoffmann-no-division-s-no-lockup,false,KORTE HOFFMANN,no-division,no-lockup,,S,true,https://raw.githubusercontent.com/ALXRITR/Korte-Hoffmann/main/Logo/KORTE%20HOFFMANN/Korte-Hoffmann_S_White.svg,"KORTE HOFFMANN no-division Logo, Größe S",https://raw.githubusercontent.com/ALXRITR/Korte-Hoffmann/main/Logo/KORTE%20HOFFMANN/Korte-Hoffmann_S_White.svg,https://raw.githubusercontent.com/ALXRITR/Korte-Hoffmann/main/Logo/KORTE%20HOFFMANN/Korte-Hoffmann_S_White.pdf,https://raw.githubusercontent.com/ALXRITR/Korte-Hoffmann/main/Logo/KORTE%20HOFFMANN/Korte-Hoffmann_S_White.png,https://raw.githubusercontent.com/ALXRITR/Korte-Hoffmann/main/Logo/KORTE%20HOFFMANN/Korte-Hoffmann_S_Black.jpg
korte-hoffmann-no-division-s-no-lockup-no-r,false,KORTE HOFFMANN,no-division,no-lockup,,S,false,https://raw.githubusercontent.com/ALXRITR/Korte-Hoffmann/main/Logo/KORTE%20HOFFMANN/Korte-Hoffmann_S_White_No-(R).svg,"KORTE HOFFMANN no-division Logo, Größe S, ohne ®-Symbol",https://raw.githubusercontent.com/ALXRITR/Korte-Hoffmann/main/Logo/KORTE%20HOFFMANN/Korte-Hoffmann_S_White_No-(R).svg,https://raw.githubusercontent.com/ALXRITR/Korte-Hoffmann/main/Logo/KORTE%20HOFFMANN/Korte-Hoffmann_S_White_No-(R).pdf,https://raw.githubusercontent.com/ALXRITR/Korte-Hoffmann/main/Logo/KORTE%20HOFFMANN/Korte-Hoffmann_S_White_No-(R).png,https://raw.githubusercontent.com/ALXRITR/Korte-Hoffmann/main/Logo/KORTE%20HOFFMANN/Korte-Hoffmann_S_Black_No-(R).jpg
